{"106": {"centroid": [169.81304347826088, 220.0086956521739, 448.7782608695652], "vertices": [[4150.0, 5500.0, 11100.0], [4125.0, 5500.0, 11125.0], [4150.0, 5475.0, 11125.0], [4150.0, 5475.0, 11150.0], [4125.0, 5500.0, 11150.0], [4150.0, 5500.0, 11175.0], [4125.0, 5525.0, 11125.0], [4150.0, 5525.0, 11100.0], [4125.0, 5525.0, 11150.0], [4150.0, 5525.0, 11175.0], [4150.0, 5550.0, 11125.0], [4150.0, 5550.0, 11150.0], [4175.0, 5475.0, 11075.0], [4150.0, 5475.0, 11100.0], [4175.0, 5450.0, 11100.0], [4175.0, 5450.0, 11125.0], [4175.0, 5450.0, 11150.0], [4175.0, 5450.0, 11175.0], [4150.0, 5475.0, 11175.0], [4175.0, 5450.0, 11200.0], [4150.0, 5475.0, 11200.0], [4175.0, 5450.0, 11225.0], [4150.0, 5475.0, 11225.0], [4175.0, 5450.0, 11250.0], [4150.0, 5475.0, 11250.0], [4175.0, 5475.0, 11275.0], [4175.0, 5500.0, 11075.0], [4150.0, 5500.0, 11200.0], [4150.0, 5500.0, 11225.0], [4150.0, 5500.0, 11250.0], [4150.0, 5500.0, 11275.0], [4175.0, 5500.0, 11300.0], [4175.0, 5525.0, 11075.0], [4150.0, 5525.0, 11200.0], [4150.0, 5525.0, 11225.0], [4150.0, 5525.0, 11250.0], [4150.0, 5525.0, 11275.0], [4175.0, 5525.0, 11300.0], [4175.0, 5550.0, 11100.0], [4150.0, 5550.0, 11175.0], [4150.0, 5550.0, 11200.0], [4150.0, 5550.0, 11225.0], [4175.0, 5550.0, 11250.0], [4175.0, 5550.0, 11275.0], [4175.0, 5575.0, 11125.0], [4175.0, 5575.0, 11150.0], [4175.0, 5575.0, 11175.0], [4175.0, 5575.0, 11200.0], [4175.0, 5575.0, 11225.0], [4200.0, 5475.0, 11075.0], [4200.0, 5450.0, 11100.0], [4200.0, 5450.0, 11125.0], [4200.0, 5450.0, 11150.0], [4200.0, 5450.0, 11175.0], [4200.0, 5450.0, 11200.0], [4200.0, 5450.0, 11225.0], [4200.0, 5450.0, 11250.0], [4200.0, 5450.0, 11275.0], [4200.0, 5475.0, 11300.0], [4200.0, 5500.0, 11075.0], [4200.0, 5500.0, 11325.0], [4200.0, 5525.0, 11075.0], [4200.0, 5525.0, 11325.0], [4200.0, 5550.0, 11100.0], [4200.0, 5550.0, 11300.0], [4200.0, 5575.0, 11125.0], [4200.0, 5575.0, 11150.0], [4200.0, 5575.0, 11175.0], [4200.0, 5575.0, 11200.0], [4200.0, 5575.0, 11225.0], [4200.0, 5575.0, 11250.0], [4200.0, 5575.0, 11275.0], [4225.0, 5450.0, 11125.0], [4225.0, 5425.0, 11150.0], [4225.0, 5425.0, 11175.0], [4225.0, 5425.0, 11200.0], [4225.0, 5425.0, 11225.0], [4225.0, 5425.0, 11250.0], [4225.0, 5450.0, 11275.0], [4225.0, 5475.0, 11075.0], [4225.0, 5450.0, 11100.0], [4225.0, 5450.0, 11300.0], [4225.0, 5475.0, 11325.0], [4225.0, 5500.0, 11075.0], [4225.0, 5500.0, 11350.0], [4225.0, 5525.0, 11100.0], [4225.0, 5525.0, 11325.0], [4225.0, 5550.0, 11100.0], [4225.0, 5550.0, 11325.0], [4225.0, 5575.0, 11125.0], [4225.0, 5575.0, 11150.0], [4225.0, 5575.0, 11175.0], [4225.0, 5575.0, 11200.0], [4225.0, 5575.0, 11225.0], [4225.0, 5575.0, 11250.0], [4225.0, 5575.0, 11275.0], [4225.0, 5575.0, 11300.0], [4250.0, 5450.0, 11125.0], [4250.0, 5425.0, 11150.0], [4250.0, 5425.0, 11175.0], [4250.0, 5425.0, 11200.0], [4250.0, 5425.0, 11225.0], [4250.0, 5425.0, 11250.0], [4250.0, 5425.0, 11275.0], [4250.0, 5450.0, 11300.0], [4250.0, 5475.0, 11100.0], [4250.0, 5450.0, 11325.0], [4250.0, 5475.0, 11350.0], [4250.0, 5500.0, 11100.0], [4250.0, 5500.0, 11350.0], [4250.0, 5525.0, 11100.0], [4250.0, 5525.0, 11325.0], [4250.0, 5550.0, 11100.0], [4250.0, 5550.0, 11325.0], [4250.0, 5575.0, 11125.0], [4250.0, 5575.0, 11150.0], [4250.0, 5575.0, 11175.0], [4250.0, 5575.0, 11200.0], [4250.0, 5575.0, 11225.0], [4250.0, 5575.0, 11250.0], [4250.0, 5575.0, 11275.0], [4250.0, 5575.0, 11300.0], [4275.0, 5450.0, 11150.0], [4275.0, 5425.0, 11175.0], [4275.0, 5425.0, 11200.0], [4275.0, 5425.0, 11225.0], [4275.0, 5425.0, 11250.0], [4275.0, 5425.0, 11275.0], [4275.0, 5425.0, 11300.0], [4275.0, 5450.0, 11325.0], [4275.0, 5475.0, 11125.0], [4275.0, 5475.0, 11350.0], [4275.0, 5500.0, 11125.0], [4275.0, 5500.0, 11350.0], [4275.0, 5525.0, 11125.0], [4275.0, 5525.0, 11350.0], [4275.0, 5550.0, 11125.0], [4275.0, 5550.0, 11150.0], [4275.0, 5550.0, 11325.0], [4275.0, 5575.0, 11175.0], [4275.0, 5575.0, 11200.0], [4275.0, 5575.0, 11225.0], [4275.0, 5575.0, 11250.0], [4275.0, 5575.0, 11275.0], [4275.0, 5575.0, 11300.0], [4300.0, 5450.0, 11150.0], [4300.0, 5425.0, 11175.0], [4300.0, 5425.0, 11200.0], [4300.0, 5425.0, 11225.0], [4300.0, 5425.0, 11250.0], [4300.0, 5425.0, 11275.0], [4300.0, 5425.0, 11300.0], [4300.0, 5450.0, 11325.0], [4300.0, 5475.0, 11150.0], [4300.0, 5475.0, 11350.0], [4300.0, 5500.0, 11150.0], [4300.0, 5500.0, 11350.0], [4300.0, 5525.0, 11150.0], [4300.0, 5525.0, 11175.0], [4300.0, 5525.0, 11350.0], [4300.0, 5550.0, 11175.0], [4300.0, 5550.0, 11200.0], [4300.0, 5550.0, 11300.0], [4300.0, 5550.0, 11325.0], [4300.0, 5550.0, 11225.0], [4300.0, 5550.0, 11250.0], [4300.0, 5550.0, 11275.0], [4325.0, 5450.0, 11175.0], [4325.0, 5450.0, 11200.0], [4325.0, 5425.0, 11225.0], [4325.0, 5425.0, 11250.0], [4325.0, 5425.0, 11275.0], [4325.0, 5425.0, 11300.0], [4325.0, 5450.0, 11325.0], [4325.0, 5475.0, 11175.0], [4325.0, 5475.0, 11350.0], [4325.0, 5500.0, 11175.0], [4325.0, 5500.0, 11200.0], [4325.0, 5500.0, 11350.0], [4325.0, 5525.0, 11200.0], [4325.0, 5525.0, 11225.0], [4325.0, 5525.0, 11325.0], [4325.0, 5525.0, 11250.0], [4325.0, 5550.0, 11275.0], [4325.0, 5550.0, 11300.0], [4350.0, 5450.0, 11225.0], [4350.0, 5425.0, 11250.0], [4350.0, 5425.0, 11275.0], [4350.0, 5425.0, 11300.0], [4350.0, 5450.0, 11325.0], [4350.0, 5475.0, 11200.0], [4350.0, 5475.0, 11225.0], [4350.0, 5475.0, 11325.0], [4350.0, 5500.0, 11225.0], [4350.0, 5500.0, 11250.0], [4350.0, 5500.0, 11300.0], [4350.0, 5500.0, 11325.0], [4350.0, 5500.0, 11275.0], [4350.0, 5525.0, 11275.0], [4350.0, 5525.0, 11300.0], [4375.0, 5450.0, 11250.0], [4375.0, 5450.0, 11275.0], [4375.0, 5450.0, 11300.0], [4375.0, 5475.0, 11250.0], [4375.0, 5475.0, 11275.0], [4375.0, 5475.0, 11300.0]],