{"115": {"centroid": [217.29864253393666, 151.1131221719457, 383.5429864253394], "vertices": [[5350.0, 3725.0, 9550.0], [5325.0, 3725.0, 9575.0], [5350.0, 3700.0, 9575.0], [5350.0, 3700.0, 9600.0], [5325.0, 3725.0, 9600.0], [5350.0, 3700.0, 9625.0], [5325.0, 3725.0, 9625.0], [5350.0, 3725.0, 9650.0], [5325.0, 3750.0, 9575.0], [5350.0, 3750.0, 9550.0], [5325.0, 3750.0, 9600.0], [5325.0, 3750.0, 9625.0], [5350.0, 3750.0, 9650.0], [5325.0, 3775.0, 9575.0], [5350.0, 3775.0, 9550.0], [5325.0, 3775.0, 9600.0], [5325.0, 3775.0, 9625.0], [5325.0, 3775.0, 9650.0], [5350.0, 3775.0, 9675.0], [5350.0, 3800.0, 9575.0], [5350.0, 3800.0, 9600.0], [5325.0, 3800.0, 9625.0], [5325.0, 3800.0, 9650.0], [5350.0, 3800.0, 9675.0], [5350.0, 3825.0, 9625.0], [5350.0, 3825.0, 9650.0], [5375.0, 3700.0, 9500.0], [5350.0, 3700.0, 9525.0], [5375.0, 3675.0, 9525.0], [5375.0, 3675.0, 9550.0], [5350.0, 3700.0, 9550.0], [5375.0, 3675.0, 9575.0], [5375.0, 3675.0, 9600.0], [5375.0, 3700.0, 9625.0], [5350.0, 3725.0, 9525.0], [5375.0, 3725.0, 9500.0], [5375.0, 3700.0, 9650.0], [5375.0, 3725.0, 9675.0], [5350.0, 3750.0, 9525.0], [5375.0, 3750.0, 9500.0], [5375.0, 3750.0, 9675.0], [5350.0, 3775.0, 9525.0], [5375.0, 3775.0, 9500.0], [5375.0, 3775.0, 9675.0], [5375.0, 3800.0, 9525.0], [5350.0, 3800.0, 9550.0], [5375.0, 3800.0, 9675.0], [5375.0, 3825.0, 9550.0], [5375.0, 3825.0, 9575.0], [5350.0, 3825.0, 9600.0], [5375.0, 3825.0, 9675.0], [5375.0, 3850.0, 9600.0], [5375.0, 3850.0, 9625.0], [5375.0, 3850.0, 9650.0], [5400.0, 3675.0, 9500.0], [5400.0, 3650.0, 9525.0], [5400.0, 3650.0, 9550.0], [5400.0, 3650.0, 9575.0], [5400.0, 3650.0, 9600.0], [5400.0, 3675.0, 9625.0], [5400.0, 3700.0, 9500.0], [5400.0, 3700.0, 9625.0], [5400.0, 3725.0, 9500.0], [5400.0, 3700.0, 9650.0], [5400.0, 3725.0, 9675.0], [5400.0, 3750.0, 9500.0], [5400.0, 3750.0, 9675.0], [5400.0, 3775.0, 9500.0], [5400.0, 3775.0, 9675.0], [5400.0, 3800.0, 9500.0], [5400.0, 3800.0, 9675.0], [5400.0, 3825.0, 9525.0], [5400.0, 3825.0, 9550.0], [5400.0, 3825.0, 9675.0], [5400.0, 3850.0, 9575.0], [5400.0, 3850.0, 9600.0], [5400.0, 3850.0, 9675.0], [5400.0, 3875.0, 9625.0], [5400.0, 3875.0, 9650.0], [5425.0, 3675.0, 9525.0], [5425.0, 3675.0, 9550.0], [5425.0, 3675.0, 9575.0], [5425.0, 3675.0, 9600.0], [5425.0, 3700.0, 9500.0], [5425.0, 3700.0, 9625.0], [5425.0, 3725.0, 9500.0], [5425.0, 3700.0, 9650.0], [5425.0, 3725.0, 9675.0], [5425.0, 3750.0, 9500.0], [5425.0, 3750.0, 9675.0], [5425.0, 3775.0, 9500.0], [5425.0, 3775.0, 9675.0], [5425.0, 3800.0, 9500.0], [5425.0, 3800.0, 9675.0], [5425.0, 3825.0, 9525.0], [5425.0, 3825.0, 9675.0], [5425.0, 3850.0, 9550.0], [5425.0, 3850.0, 9675.0], [5425.0, 3875.0, 9575.0], [5425.0, 3875.0, 9600.0], [5425.0, 3875.0, 9625.0], [5425.0, 3875.0, 9650.0], [5450.0, 3700.0, 9500.0], [5450.0, 3675.0, 9525.0], [5450.0, 3675.0, 9550.0], [5450.0, 3675.0, 9575.0], [5450.0, 3675.0, 9600.0], [5450.0, 3700.0, 9625.0], [5450.0, 3725.0, 9500.0], [5450.0, 3725.0, 9650.0], [5450.0, 3750.0, 9500.0], [5450.0, 3750.0, 9675.0], [5450.0, 3775.0, 9500.0], [5450.0, 3775.0, 9675.0], [5450.0, 3800.0, 9500.0], [5450.0, 3800.0, 9675.0], [5450.0, 3825.0, 9500.0], [5450.0, 3825.0, 9675.0], [5450.0, 3850.0, 9525.0], [5450.0, 3850.0, 9675.0], [5450.0, 3875.0, 9550.0], [5450.0, 3875.0, 9575.0], [5450.0, 3875.0, 9600.0], [5450.0, 3875.0, 9675.0], [5450.0, 3900.0, 9625.0], [5450.0, 3900.0, 9650.0], [5475.0, 3700.0, 9525.0], [5475.0, 3700.0, 9550.0], [5475.0, 3700.0, 9575.0], [5475.0, 3700.0, 9600.0], [5475.0, 3725.0, 9500.0], [5475.0, 3725.0, 9625.0], [5475.0, 3750.0, 9500.0], [5475.0, 3750.0, 9650.0], [5475.0, 3775.0, 9500.0], [5475.0, 3775.0, 9675.0], [5475.0, 3800.0, 9500.0], [5475.0, 3800.0, 9675.0], [5475.0, 3825.0, 9500.0], [5475.0, 3825.0, 9675.0], [5475.0, 3850.0, 9525.0], [5475.0, 3850.0, 9675.0], [5475.0, 3875.0, 9550.0], [5475.0, 3875.0, 9575.0], [5475.0, 3875.0, 9600.0], [5475.0, 3875.0, 9675.0], [5475.0, 3900.0, 9625.0], [5475.0, 3900.0, 9650.0], [5500.0, 3725.0, 9500.0], [5500.0, 3700.0, 9525.0], [5500.0, 3725.0, 9550.0], [5500.0, 3725.0, 9575.0], [5500.0, 3725.0, 9600.0], [5500.0, 3750.0, 9500.0], [5500.0, 3750.0, 9600.0], [5500.0, 3750.0, 9625.0], [5500.0, 3775.0, 9500.0], [5500.0, 3775.0, 9650.0], [5500.0, 3800.0, 9500.0], [5500.0, 3800.0, 9675.0], [5500.0, 3825.0, 9500.0], [5500.0, 3825.0, 9675.0], [5500.0, 3850.0, 9525.0], [5500.0, 3850.0, 9675.0], [5500.0, 3875.0, 9550.0], [5500.0, 3875.0, 9575.0], [5500.0, 3875.0, 9600.0], [5500.0, 3875.0, 9675.0], [5500.0, 3900.0, 9625.0], [5500.0, 3900.0, 9650.0], [5525.0, 3725.0, 9525.0], [5525.0, 3750.0, 9525.0], [5525.0, 3750.0, 9550.0], [5525.0, 3750.0, 9575.0], [5525.0, 3775.0, 9525.0], [5525.0, 3775.0, 9550.0], [5525.0, 3775.0, 9575.0], [5525.0, 3775.0, 9600.0], [5525.0, 3775.0, 9625.0], [5525.0, 3800.0, 9500.0], [5525.0, 3800.0, 9575.0], [5525.0, 3800.0, 9600.0], [5525.0, 3800.0, 9625.0], [5525.0, 3800.0, 9650.0], [5525.0, 3825.0, 9525.0], [5525.0, 3825.0, 9550.0], [5525.0, 3825.0, 9575.0], [5525.0, 3825.0, 9600.0], [5525.0, 3825.0, 9625.0], [5525.0, 3825.0, 9650.0], [5525.0, 3850.0, 9550.0], [5525.0, 3850.0, 9575.0], [5525.0, 3850.0, 9600.0], [5525.0, 3850.0, 9625.0], [5525.0, 3850.0, 9650.0], [5525.0, 3875.0, 9625.0], [5525.0, 3875.0, 9650.0], [5550.0, 3800.0, 9525.0], [5550.0, 3800.0, 9550.0]],