{"164": {"centroid": [227.96774193548387, 223.48387096774192, 509.6774193548387], "vertices": [[5675.0, 5325.0, 12450.0], [5650.0, 5325.0, 12475.0], [5675.0, 5300.0, 12475.0], [5675.0, 5325.0, 12500.0], [5675.0, 5350.0, 12475.0], [5700.0, 5325.0, 12450.0], [5700.0, 5300.0, 12475.0], [5700.0, 5300.0, 12500.0], [5700.0, 5325.0, 12525.0], [5700.0, 5350.0, 12475.0], [5675.0, 5350.0, 12500.0], [5700.0, 5350.0, 12525.0], [5700.0, 5375.0, 12500.0], [5675.0, 5375.0, 12525.0], [5700.0, 5375.0, 12550.0], [5700.0, 5400.0, 12525.0], [5675.0, 5400.0, 12550.0], [5700.0, 5400.0, 12575.0], [5700.0, 5425.0, 12550.0], [5675.0, 5425.0, 12575.0], [5700.0, 5425.0, 12600.0], [5700.0, 5450.0, 12575.0], [5675.0, 5450.0, 12600.0], [5700.0, 5450.0, 12625.0], [5700.0, 5475.0, 12600.0], [5675.0, 5475.0, 12625.0], [5700.0, 5475.0, 12650.0], [5675.0, 5500.0, 12625.0], [5700.0, 5500.0, 12600.0], [5675.0, 5500.0, 12650.0], [5700.0, 5500.0, 12675.0], [5700.0, 5525.0, 12625.0], [5700.0, 5525.0, 12650.0], [5675.0, 5525.0, 12675.0], [5700.0, 5525.0, 12700.0], [5675.0, 5550.0, 12675.0], [5700.0, 5550.0, 12650.0], [5675.0, 5550.0, 12700.0], [5700.0, 5550.0, 12725.0], [5700.0, 5575.0, 12675.0], [5700.0, 5575.0, 12700.0], [5675.0, 5575.0, 12725.0], [5700.0, 5575.0, 12750.0], [5700.0, 5600.0, 12725.0], [5675.0, 5600.0, 12750.0], [5700.0, 5600.0, 12775.0], [5700.0, 5625.0, 12750.0], [5675.0, 5625.0, 12775.0], [5700.0, 5625.0, 12800.0], [5700.0, 5650.0, 12775.0], [5675.0, 5650.0, 12800.0], [5700.0, 5650.0, 12825.0], [5700.0, 5675.0, 12800.0], [5675.0, 5675.0, 12825.0], [5700.0, 5650.0, 12850.0], [5675.0, 5675.0, 12850.0], [5700.0, 5675.0, 12875.0], [5700.0, 5700.0, 12825.0], [5675.0, 5700.0, 12850.0], [5675.0, 5700.0, 12875.0], [5700.0, 5700.0, 12900.0], [5700.0, 5725.0, 12850.0], [5675.0, 5725.0, 12875.0], [5675.0, 5725.0, 12900.0], [5700.0, 5725.0, 12925.0], [5700.0, 5750.0, 12875.0], [5675.0, 5750.0, 12900.0], [5675.0, 5750.0, 12925.0], [5700.0, 5750.0, 12950.0], [5700.0, 5775.0, 12900.0], [5675.0, 5775.0, 12925.0], [5675.0, 5775.0, 12950.0], [5700.0, 5775.0, 12975.0], [5700.0, 5800.0, 12925.0], [5675.0, 5800.0, 12950.0], [5675.0, 5800.0, 12975.0], [5700.0, 5800.0, 13000.0], [5700.0, 5825.0, 12950.0], [5700.0, 5825.0, 12975.0], [5675.0, 5825.0, 13000.0], [5700.0, 5825.0, 13025.0], [5700.0, 5850.0, 13000.0], [5725.0, 5325.0, 12475.0], [5725.0, 5325.0, 12500.0], [5725.0, 5350.0, 12500.0], [5725.0, 5375.0, 12525.0], [5725.0, 5400.0, 12550.0], [5725.0, 5425.0, 12575.0], [5725.0, 5450.0, 12600.0], [5725.0, 5475.0, 12625.0], [5725.0, 5500.0, 12625.0], [5725.0, 5500.0, 12650.0], [5725.0, 5525.0, 12675.0], [5725.0, 5550.0, 12675.0], [5725.0, 5550.0, 12700.0], [5725.0, 5575.0, 12725.0], [5725.0, 5600.0, 12750.0], [5725.0, 5625.0, 12775.0], [5725.0, 5650.0, 12800.0], [5725.0, 5675.0, 12825.0], [5725.0, 5675.0, 12850.0], [5725.0, 5700.0, 12850.0], [5725.0, 5700.0, 12875.0], [5725.0, 5725.0, 12875.0], [5725.0, 5725.0, 12900.0], [5725.0, 5750.0, 12900.0], [5725.0, 5750.0, 12925.0], [5725.0, 5775.0, 12925.0], [5725.0, 5775.0, 12950.0], [5725.0, 5800.0, 12950.0], [5725.0, 5800.0, 12975.0], [5725.0, 5825.0, 13000.0]], "faces": [[0, 1, 2], [2, 1, 3], [4, 1, 0], [1, 4, 3], [6, 5, 0], [0, 2, 6], [7, 6, 2], [2, 3, 7], [7, 3, 8], [0, 5, 9], [0, 9, 4], [3, 9, 10], [4, 9, 3], [3, 10, 11], [8, 3, 11], [12, 10, 9], [12, 13, 11], [10, 12, 11], [11, 13, 14], [15, 13, 12], [15, 16, 14], [13, 15, 14], [14, 16, 17], [18, 16, 15], [18, 19, 17], [16, 18, 17], [17, 19, 20], [21, 19, 18], [21, 22, 20], [19, 21, 20], [20, 22, 23], [24, 22, 21], [24, 25, 23], [22, 24, 23], [23, 25, 26], [25, 28, 27], [25, 24, 28], [25, 27, 29], [29, 26, 25], [26, 29, 30], [31, 27, 28], [27, 31, 29], [31, 32, 29], [32, 33, 30], [29, 32, 30], [30, 33, 34], [33, 36, 35], [33, 32, 36], [33, 35, 37], [37, 34, 33], [34, 37, 38], [39, 35, 36], [35, 39, 37], [39, 40, 37], [40, 41, 38], [37, 40, 38], [38, 41, 42], [43, 41, 40], [43, 44, 42], [41, 43, 42], [42, 44, 45], [46, 44, 43], [46, 47, 45], [44, 46, 45], [45, 47, 48], [49, 47, 46], [49, 50, 48], [47, 49, 48], [48, 50, 51], [52, 50, 49], [52, 53, 51], [50, 52, 51], [54, 51, 53], [53, 55, 54], [54, 55, 56], [57, 53, 52], [53, 58, 55], [58, 53, 57], [55, 58, 59], [59, 56, 55], [56, 59, 60], [61, 58, 57], [58, 62, 59], [62, 58, 61], [59, 62, 63], [63, 60, 59], [60, 63, 64], [65, 62, 61], [62, 66, 63], [66, 62, 65], [63, 66, 67], [67, 64, 63], [64, 67, 68], [69, 66, 65], [66, 70, 67], [70, 66, 69], [67, 70, 71], [71, 68, 67], [68, 71, 72], [73, 70, 69], [70, 74, 71], [74, 70, 73], [71, 74, 75], [75, 72, 71], [72, 75, 76], [77, 74, 73], [74, 77, 75], [77, 78, 75], [78, 79, 76], [75, 78, 76], [76, 79, 80], [81, 79, 78], [79, 81, 80], [6, 82, 5], [83, 82, 6], [6, 7, 83], [7, 8, 83], [9, 5, 82], [82, 83, 84], [82, 84, 9], [8, 11, 84], [83, 8, 84], [12, 9, 84], [11, 12, 84], [11, 85, 12], [11, 14, 85], [15, 12, 85], [14, 15, 85], [14, 86, 15], [14, 17, 86], [18, 15, 86], [17, 18, 86], [17, 87, 18], [17, 20, 87], [21, 18, 87], [20, 21, 87], [20, 88, 21], [20, 23, 88], [24, 21, 88], [23, 24, 88], [23, 89, 24], [23, 26, 89], [28, 24, 90], [89, 90, 24], [91, 90, 89], [91, 89, 26], [26, 30, 91], [31, 28, 90], [31, 90, 32], [32, 90, 91], [30, 32, 91], [30, 92, 32], [30, 34, 92], [36, 32, 93], [92, 93, 32], [94, 93, 92], [94, 92, 34], [34, 38, 94], [39, 36, 93], [39, 93, 40], [40, 93, 94], [38, 40, 94], [38, 95, 40], [38, 42, 95], [43, 40, 95], [42, 43, 95], [42, 96, 43], [42, 45, 96], [46, 43, 96], [45, 46, 96], [45, 97, 46], [45, 48, 97], [49, 46, 97], [48, 49, 97], [48, 98, 49], [48, 51, 98], [52, 49, 98], [51, 52, 98], [51, 99, 52], [100, 99, 51], [51, 54, 100], [54, 56, 100], [57, 52, 99], [99, 100, 101], [99, 101, 57], [102, 101, 100], [102, 100, 56], [56, 60, 102], [61, 57, 101], [101, 102, 103], [101, 103, 61], [104, 103, 102], [104, 102, 60], [60, 64, 104], [65, 61, 103], [103, 104, 105], [103, 105, 65], [106, 105, 104], [106, 104, 64], [64, 68, 106], [69, 65, 105], [105, 106, 107], [105, 107, 69], [108, 107, 106], [108, 106, 68], [68, 72, 108], [73, 69, 107], [107, 108, 109], [107, 109, 73], [110, 109, 108], [110, 108, 72], [72, 76, 110], [77, 73, 109], [77, 109, 78], [78, 109, 110], [76, 78, 110], [76, 111, 78], [76, 80, 111], [81, 78, 111], [80, 81, 111]]}}