{"287": {"centroid": [206.0, 204.75416666666666, 216.47916666666666], "vertices": [[5025.0, 5150.0, 5350.0], [5000.0, 5150.0, 5375.0], [5025.0, 5125.0, 5375.0], [5025.0, 5150.0, 5400.0], [5025.0, 5175.0, 5375.0], [5000.0, 5175.0, 5400.0], [5025.0, 5175.0, 5425.0], [5025.0, 5200.0, 5400.0], [5050.0, 5100.0, 5350.0], [5025.0, 5100.0, 5375.0], [5050.0, 5075.0, 5375.0], [5050.0, 5100.0, 5400.0], [5050.0, 5125.0, 5350.0], [5025.0, 5125.0, 5400.0], [5050.0, 5125.0, 5425.0], [5050.0, 5150.0, 5350.0], [5025.0, 5150.0, 5425.0], [5050.0, 5150.0, 5450.0], [5050.0, 5175.0, 5350.0], [5050.0, 5175.0, 5450.0], [5050.0, 5200.0, 5375.0], [5025.0, 5200.0, 5425.0], [5050.0, 5200.0, 5450.0], [5050.0, 5225.0, 5400.0], [5025.0, 5225.0, 5425.0], [5050.0, 5225.0, 5450.0], [5050.0, 5250.0, 5425.0], [5075.0, 5050.0, 5350.0], [5050.0, 5050.0, 5375.0], [5075.0, 5025.0, 5375.0], [5075.0, 5025.0, 5400.0], [5050.0, 5050.0, 5400.0], [5075.0, 5050.0, 5425.0], [5075.0, 5075.0, 5350.0], [5050.0, 5075.0, 5400.0], [5050.0, 5075.0, 5425.0], [5075.0, 5075.0, 5450.0], [5075.0, 5100.0, 5350.0], [5050.0, 5100.0, 5425.0], [5075.0, 5100.0, 5450.0], [5075.0, 5125.0, 5350.0], [5050.0, 5125.0, 5450.0], [5075.0, 5125.0, 5475.0], [5075.0, 5150.0, 5350.0], [5075.0, 5150.0, 5475.0], [5075.0, 5175.0, 5350.0], [5075.0, 5175.0, 5475.0], [5075.0, 5200.0, 5375.0], [5075.0, 5200.0, 5475.0], [5075.0, 5225.0, 5375.0], [5075.0, 5225.0, 5475.0], [5075.0, 5250.0, 5400.0], [5075.0, 5250.0, 5450.0], [5075.0, 5275.0, 5425.0], [5100.0, 5025.0, 5350.0], [5100.0, 5000.0, 5375.0], [5100.0, 5000.0, 5400.0], [5100.0, 5025.0, 5425.0], [5100.0, 5050.0, 5350.0], [5100.0, 5050.0, 5425.0], [5100.0, 5075.0, 5350.0], [5100.0, 5050.0, 5450.0], [5100.0, 5075.0, 5475.0], [5100.0, 5100.0, 5350.0], [5100.0, 5100.0, 5475.0], [5100.0, 5125.0, 5350.0], [5100.0, 5125.0, 5475.0], [5100.0, 5150.0, 5350.0], [5100.0, 5150.0, 5475.0], [5100.0, 5175.0, 5375.0], [5100.0, 5175.0, 5475.0], [5100.0, 5200.0, 5375.0], [5100.0, 5200.0, 5475.0], [5100.0, 5225.0, 5400.0], [5100.0, 5225.0, 5475.0], [5100.0, 5250.0, 5400.0], [5100.0, 5250.0, 5475.0], [5100.0, 5275.0, 5425.0], [5100.0, 5275.0, 5450.0], [5125.0, 5000.0, 5350.0], [5125.0, 4975.0, 5375.0], [5125.0, 5000.0, 5400.0], [5125.0, 5025.0, 5350.0], [5125.0, 5000.0, 5425.0], [5125.0, 5025.0, 5450.0], [5125.0, 5050.0, 5350.0], [5125.0, 5050.0, 5475.0], [5125.0, 5075.0, 5350.0], [5125.0, 5075.0, 5475.0], [5125.0, 5100.0, 5350.0], [5125.0, 5100.0, 5475.0], [5125.0, 5125.0, 5350.0], [5125.0, 5125.0, 5475.0], [5125.0, 5150.0, 5350.0], [5125.0, 5150.0, 5475.0], [5125.0, 5175.0, 5375.0], [5125.0, 5175.0, 5475.0], [5125.0, 5200.0, 5375.0], [5125.0, 5200.0, 5475.0], [5125.0, 5225.0, 5400.0], [5125.0, 5225.0, 5475.0], [5125.0, 5250.0, 5400.0], [5125.0, 5250.0, 5450.0], [5125.0, 5275.0, 5425.0], [5150.0, 4975.0, 5350.0], [5150.0, 4950.0, 5375.0], [5150.0, 4975.0, 5400.0], [5150.0, 5000.0, 5350.0], [5150.0, 5000.0, 5425.0], [5150.0, 5025.0, 5350.0], [5150.0, 5025.0, 5450.0], [5150.0, 5050.0, 5350.0], [5150.0, 5050.0, 5475.0], [5150.0, 5075.0, 5350.0], [5150.0, 5075.0, 5475.0], [5150.0, 5100.0, 5350.0], [5150.0, 5100.0, 5475.0], [5150.0, 5125.0, 5350.0], [5150.0, 5125.0, 5475.0], [5150.0, 5150.0, 5350.0], [5150.0, 5150.0, 5475.0], [5150.0, 5175.0, 5375.0], [5150.0, 5175.0, 5475.0], [5150.0, 5200.0, 5375.0], [5150.0, 5200.0, 5475.0], [5150.0, 5225.0, 5400.0], [5150.0, 5225.0, 5475.0], [5150.0, 5250.0, 5400.0], [5150.0, 5250.0, 5450.0], [5150.0, 5275.0, 5425.0], [5175.0, 4975.0, 5350.0], [5175.0, 4950.0, 5375.0], [5175.0, 4975.0, 5400.0], [5175.0, 5000.0, 5350.0], [5175.0, 5000.0, 5425.0], [5175.0, 5025.0, 5350.0], [5175.0, 5025.0, 5425.0], [5175.0, 5050.0, 5350.0], [5175.0, 5050.0, 5450.0], [5175.0, 5075.0, 5350.0], [5175.0, 5075.0, 5475.0], [5175.0, 5100.0, 5350.0], [5175.0, 5100.0, 5475.0], [5175.0, 5125.0, 5350.0], [5175.0, 5125.0, 5475.0], [5175.0, 5150.0, 5375.0], [5175.0, 5150.0, 5475.0], [5175.0, 5175.0, 5375.0], [5175.0, 5175.0, 5475.0], [5175.0, 5200.0, 5400.0], [5175.0, 5200.0, 5475.0], [5175.0, 5225.0, 5400.0], [5175.0, 5225.0, 5475.0], [5175.0, 5250.0, 5425.0], [5175.0, 5250.0, 5450.0], [5200.0, 4975.0, 5350.0], [5200.0, 4950.0, 5375.0], [5200.0, 4975.0, 5400.0], [5200.0, 5000.0, 5350.0], [5200.0, 5000.0, 5425.0], [5200.0, 5025.0, 5350.0], [5200.0, 5025.0, 5425.0], [5200.0, 5050.0, 5350.0], [5200.0, 5050.0, 5450.0], [5200.0, 5075.0, 5350.0], [5200.0, 5075.0, 5475.0], [5200.0, 5100.0, 5350.0], [5200.0, 5100.0, 5475.0], [5200.0, 5125.0, 5350.0], [5200.0, 5125.0, 5475.0], [5200.0, 5150.0, 5375.0], [5200.0, 5150.0, 5475.0], [5200.0, 5175.0, 5375.0], [5200.0, 5175.0, 5475.0], [5200.0, 5200.0, 5400.0], [5200.0, 5200.0, 5475.0], [5200.0, 5225.0, 5400.0], [5200.0, 5225.0, 5450.0], [5200.0, 5250.0, 5425.0], [5225.0, 4975.0, 5375.0], [5225.0, 5000.0, 5350.0], [5225.0, 5000.0, 5400.0], [5225.0, 5025.0, 5350.0], [5225.0, 5025.0, 5425.0], [5225.0, 5050.0, 5350.0], [5225.0, 5050.0, 5450.0], [5225.0, 5075.0, 5350.0], [5225.0, 5075.0, 5475.0], [5225.0, 5100.0, 5350.0], [5225.0, 5100.0, 5475.0], [5225.0, 5125.0, 5375.0], [5225.0, 5125.0, 5475.0], [5225.0, 5150.0, 5375.0], [5225.0, 5150.0, 5475.0], [5225.0, 5175.0, 5400.0], [5225.0, 5175.0, 5475.0], [5225.0, 5200.0, 5400.0], [5225.0, 5200.0, 5475.0], [5225.0, 5225.0, 5425.0], [5225.0, 5225.0, 5450.0], [5250.0, 5000.0, 5375.0], [5250.0, 5025.0, 5350.0], [5250.0, 5000.0, 5400.0], [5250.0, 5025.0, 5425.0], [5250.0, 5050.0, 5350.0], [5250.0, 5050.0, 5425.0], [5250.0, 5075.0, 5350.0], [5250.0, 5075.0, 5450.0], [5250.0, 5100.0, 5350.0], [5250.0, 5100.0, 5450.0], [5250.0, 5125.0, 5375.0], [5250.0, 5125.0, 5475.0], [5250.0, 5150.0, 5375.0], [5250.0, 5150.0, 5475.0], [5250.0, 5175.0, 5400.0], [5250.0, 5175.0, 5475.0], [5250.0, 5200.0, 5425.0], [5250.0, 5200.0, 5450.0], [5275.0, 5025.0, 5375.0], [5275.0, 5025.0, 5400.0], [5275.0, 5050.0, 5375.0], [5275.0, 5050.0, 5400.0], [5275.0, 5075.0, 5375.0], [5275.0, 5075.0, 5400.0], [5275.0, 5075.0, 5425.0], [5275.0, 5100.0, 5375.0], [5275.0, 5100.0, 5400.0], [5275.0, 5100.0, 5425.0], [5275.0, 5125.0, 5400.0], [5275.0, 5125.0, 5425.0], [5275.0, 5125.0, 5450.0], [5275.0, 5150.0, 5400.0], [5275.0, 5150.0, 5425.0], [5275.0, 5150.0, 5450.0], [5275.0, 5175.0, 5425.0], [5275.0, 5175.0, 5450.0]],