{"428": {"centroid": [217.8233082706767, 194.3684210526316, 221.25187969924812], "vertices": [[5350.0, 4600.0, 5475.0], [5325.0, 4600.0, 5500.0], [5350.0, 4575.0, 5500.0], [5350.0, 4600.0, 5525.0], [5325.0, 4625.0, 5500.0], [5350.0, 4625.0, 5475.0], [5350.0, 4625.0, 5525.0], [5325.0, 4650.0, 5500.0], [5350.0, 4650.0, 5475.0], [5350.0, 4650.0, 5525.0], [5350.0, 4675.0, 5500.0], [5325.0, 4675.0, 5525.0], [5350.0, 4675.0, 5550.0], [5325.0, 4700.0, 5525.0], [5350.0, 4700.0, 5500.0], [5350.0, 4700.0, 5550.0], [5350.0, 4725.0, 5525.0], [5375.0, 4575.0, 5475.0], [5375.0, 4550.0, 5500.0], [5375.0, 4575.0, 5525.0], [5375.0, 4600.0, 5475.0], [5375.0, 4600.0, 5525.0], [5375.0, 4625.0, 5475.0], [5375.0, 4625.0, 5550.0], [5375.0, 4650.0, 5475.0], [5375.0, 4650.0, 5550.0], [5375.0, 4675.0, 5475.0], [5375.0, 4675.0, 5550.0], [5375.0, 4700.0, 5475.0], [5375.0, 4700.0, 5575.0], [5375.0, 4725.0, 5500.0], [5350.0, 4725.0, 5550.0], [5375.0, 4725.0, 5575.0], [5350.0, 4750.0, 5525.0], [5375.0, 4750.0, 5500.0], [5350.0, 4750.0, 5550.0], [5375.0, 4750.0, 5575.0], [5350.0, 4775.0, 5525.0], [5375.0, 4775.0, 5500.0], [5375.0, 4775.0, 5550.0], [5375.0, 4800.0, 5525.0], [5400.0, 4550.0, 5475.0], [5400.0, 4525.0, 5500.0], [5400.0, 4550.0, 5525.0], [5400.0, 4575.0, 5475.0], [5400.0, 4575.0, 5525.0], [5400.0, 4600.0, 5475.0], [5400.0, 4600.0, 5525.0], [5400.0, 4625.0, 5475.0], [5400.0, 4625.0, 5550.0], [5400.0, 4650.0, 5475.0], [5400.0, 4650.0, 5550.0], [5400.0, 4675.0, 5475.0], [5400.0, 4675.0, 5575.0], [5400.0, 4700.0, 5475.0], [5400.0, 4700.0, 5575.0], [5400.0, 4725.0, 5475.0], [5400.0, 4725.0, 5575.0], [5400.0, 4750.0, 5500.0], [5400.0, 4750.0, 5575.0], [5400.0, 4775.0, 5500.0], [5400.0, 4775.0, 5575.0], [5400.0, 4800.0, 5500.0], [5375.0, 4800.0, 5550.0], [5400.0, 4800.0, 5575.0], [5375.0, 4825.0, 5525.0], [5400.0, 4825.0, 5500.0], [5375.0, 4825.0, 5550.0], [5400.0, 4825.0, 5575.0], [5400.0, 4850.0, 5525.0], [5400.0, 4850.0, 5550.0], [5425.0, 4550.0, 5475.0], [5425.0, 4525.0, 5500.0], [5425.0, 4550.0, 5525.0], [5425.0, 4575.0, 5475.0], [5425.0, 4575.0, 5525.0], [5425.0, 4600.0, 5475.0], [5425.0, 4600.0, 5525.0], [5425.0, 4625.0, 5475.0], [5425.0, 4625.0, 5550.0], [5425.0, 4650.0, 5475.0], [5425.0, 4650.0, 5550.0], [5425.0, 4675.0, 5475.0], [5425.0, 4675.0, 5575.0], [5425.0, 4700.0, 5475.0], [5425.0, 4700.0, 5575.0], [5425.0, 4725.0, 5475.0], [5425.0, 4725.0, 5575.0], [5425.0, 4750.0, 5475.0], [5425.0, 4750.0, 5575.0], [5425.0, 4775.0, 5475.0], [5425.0, 4775.0, 5575.0], [5425.0, 4800.0, 5475.0], [5425.0, 4800.0, 5575.0], [5425.0, 4825.0, 5475.0], [5425.0, 4825.0, 5575.0], [5425.0, 4850.0, 5500.0], [5425.0, 4850.0, 5575.0], [5400.0, 4875.0, 5525.0], [5425.0, 4875.0, 5500.0], [5400.0, 4875.0, 5550.0], [5425.0, 4875.0, 5575.0], [5400.0, 4900.0, 5525.0], [5425.0, 4900.0, 5500.0], [5400.0, 4900.0, 5550.0], [5425.0, 4900.0, 5575.0], [5400.0, 4925.0, 5525.0], [5425.0, 4925.0, 5500.0], [5400.0, 4925.0, 5550.0], [5425.0, 4925.0, 5575.0], [5400.0, 4950.0, 5525.0], [5425.0, 4950.0, 5500.0], [5400.0, 4950.0, 5550.0], [5425.0, 4950.0, 5575.0], [5400.0, 4975.0, 5525.0], [5425.0, 4975.0, 5500.0], [5400.0, 4975.0, 5550.0], [5425.0, 4975.0, 5575.0], [5400.0, 5000.0, 5525.0], [5425.0, 5000.0, 5500.0], [5400.0, 5000.0, 5550.0], [5425.0, 5000.0, 5575.0], [5400.0, 5025.0, 5525.0], [5425.0, 5025.0, 5500.0], [5400.0, 5025.0, 5550.0], [5400.0, 5025.0, 5575.0], [5425.0, 5025.0, 5600.0], [5400.0, 5050.0, 5525.0], [5425.0, 5050.0, 5500.0], [5400.0, 5050.0, 5550.0], [5400.0, 5050.0, 5575.0], [5425.0, 5050.0, 5600.0], [5400.0, 5075.0, 5525.0], [5425.0, 5075.0, 5500.0], [5400.0, 5075.0, 5550.0], [5400.0, 5075.0, 5575.0], [5425.0, 5075.0, 5600.0], [5425.0, 5100.0, 5525.0], [5400.0, 5100.0, 5550.0], [5400.0, 5100.0, 5575.0], [5425.0, 5100.0, 5600.0], [5400.0, 5125.0, 5550.0], [5425.0, 5125.0, 5525.0], [5400.0, 5125.0, 5575.0], [5400.0, 5125.0, 5600.0], [5425.0, 5125.0, 5625.0], [5400.0, 5150.0, 5550.0], [5425.0, 5150.0, 5525.0], [5400.0, 5150.0, 5575.0], [5400.0, 5150.0, 5600.0], [5425.0, 5150.0, 5625.0], [5425.0, 5175.0, 5550.0], [5400.0, 5175.0, 5575.0], [5400.0, 5175.0, 5600.0], [5425.0, 5175.0, 5625.0], [5425.0, 5200.0, 5575.0], [5425.0, 5200.0, 5600.0], [5450.0, 4550.0, 5500.0], [5450.0, 4575.0, 5475.0], [5450.0, 4575.0, 5525.0], [5450.0, 4600.0, 5475.0], [5450.0, 4600.0, 5525.0], [5450.0, 4625.0, 5475.0], [5450.0, 4625.0, 5550.0], [5450.0, 4650.0, 5475.0], [5450.0, 4650.0, 5550.0], [5450.0, 4675.0, 5475.0], [5450.0, 4675.0, 5575.0], [5450.0, 4700.0, 5475.0], [5450.0, 4700.0, 5575.0], [5450.0, 4725.0, 5475.0], [5450.0, 4725.0, 5575.0], [5450.0, 4750.0, 5475.0], [5450.0, 4750.0, 5575.0], [5450.0, 4775.0, 5475.0], [5450.0, 4775.0, 5575.0], [5450.0, 4800.0, 5475.0], [5450.0, 4800.0, 5575.0], [5450.0, 4825.0, 5475.0], [5450.0, 4825.0, 5575.0], [5450.0, 4850.0, 5475.0], [5450.0, 4850.0, 5575.0], [5450.0, 4875.0, 5475.0], [5450.0, 4875.0, 5575.0], [5450.0, 4900.0, 5475.0], [5450.0, 4900.0, 5575.0], [5450.0, 4925.0, 5475.0], [5450.0, 4925.0, 5575.0], [5450.0, 4950.0, 5500.0], [5450.0, 4950.0, 5575.0], [5450.0, 4975.0, 5500.0], [5450.0, 4975.0, 5575.0], [5450.0, 5000.0, 5500.0], [5450.0, 5000.0, 5575.0], [5450.0, 5025.0, 5500.0], [5450.0, 5025.0, 5600.0], [5450.0, 5050.0, 5500.0], [5450.0, 5050.0, 5600.0], [5450.0, 5075.0, 5500.0], [5450.0, 5075.0, 5600.0], [5450.0, 5100.0, 5500.0], [5450.0, 5100.0, 5625.0], [5450.0, 5125.0, 5500.0], [5450.0, 5125.0, 5625.0], [5450.0, 5150.0, 5525.0], [5450.0, 5150.0, 5625.0], [5450.0, 5175.0, 5550.0], [5450.0, 5175.0, 5600.0], [5450.0, 5200.0, 5575.0], [5475.0, 4575.0, 5500.0], [5475.0, 4600.0, 5475.0], [5475.0, 4600.0, 5525.0], [5475.0, 4625.0, 5475.0], [5475.0, 4625.0, 5525.0], [5475.0, 4650.0, 5475.0], [5475.0, 4650.0, 5525.0], [5475.0, 4675.0, 5475.0], [5475.0, 4675.0, 5550.0], [5475.0, 4700.0, 5475.0], [5475.0, 4700.0, 5550.0], [5475.0, 4725.0, 5475.0], [5475.0, 4725.0, 5550.0], [5475.0, 4750.0, 5475.0], [5475.0, 4750.0, 5575.0], [5475.0, 4775.0, 5475.0], [5475.0, 4775.0, 5575.0], [5475.0, 4800.0, 5475.0], [5475.0, 4800.0, 5575.0], [5475.0, 4825.0, 5475.0], [5475.0, 4825.0, 5575.0], [5475.0, 4850.0, 5475.0], [5475.0, 4850.0, 5575.0], [5475.0, 4875.0, 5475.0], [5475.0, 4875.0, 5575.0], [5475.0, 4900.0, 5475.0], [5475.0, 4900.0, 5575.0], [5475.0, 4925.0, 5475.0], [5475.0, 4925.0, 5575.0], [5475.0, 4950.0, 5475.0], [5475.0, 4950.0, 5575.0], [5475.0, 4975.0, 5500.0], [5475.0, 4975.0, 5575.0], [5475.0, 5000.0, 5500.0], [5475.0, 5000.0, 5575.0], [5475.0, 5025.0, 5500.0], [5475.0, 5025.0, 5600.0], [5475.0, 5050.0, 5500.0], [5475.0, 5050.0, 5600.0], [5475.0, 5075.0, 5500.0], [5475.0, 5075.0, 5600.0], [5475.0, 5100.0, 5500.0], [5475.0, 5100.0, 5600.0], [5475.0, 5125.0, 5500.0], [5475.0, 5125.0, 5600.0], [5475.0, 5150.0, 5525.0], [5475.0, 5150.0, 5600.0], [5475.0, 5175.0, 5550.0], [5475.0, 5175.0, 5600.0], [5475.0, 5200.0, 5575.0], [5500.0, 4600.0, 5500.0], [5500.0, 4625.0, 5500.0], [5500.0, 4650.0, 5475.0], [5500.0, 4650.0, 5525.0], [5500.0, 4675.0, 5475.0], [5500.0, 4675.0, 5525.0], [5500.0, 4700.0, 5475.0], [5500.0, 4700.0, 5525.0], [5500.0, 4725.0, 5475.0], [5500.0, 4725.0, 5525.0], [5500.0, 4750.0, 5475.0], [5500.0, 4750.0, 5525.0], [5500.0, 4750.0, 5550.0], [5500.0, 4775.0, 5475.0], [5500.0, 4775.0, 5550.0], [5500.0, 4800.0, 5475.0], [5500.0, 4800.0, 5550.0], [5500.0, 4825.0, 5475.0], [5500.0, 4825.0, 5550.0], [5500.0, 4850.0, 5475.0], [5500.0, 4850.0, 5575.0], [5500.0, 4875.0, 5475.0], [5500.0, 4875.0, 5575.0], [5500.0, 4900.0, 5475.0], [5500.0, 4900.0, 5575.0], [5500.0, 4925.0, 5475.0], [5500.0, 4925.0, 5575.0], [5500.0, 4950.0, 5500.0], [5500.0, 4950.0, 5575.0], [5500.0, 4975.0, 5500.0], [5500.0, 4975.0, 5575.0], [5500.0, 5000.0, 5500.0], [5500.0, 5000.0, 5575.0], [5500.0, 5025.0, 5500.0], [5500.0, 5025.0, 5575.0], [5500.0, 5050.0, 5500.0], [5500.0, 5050.0, 5575.0], [5500.0, 5075.0, 5500.0], [5500.0, 5075.0, 5575.0], [5500.0, 5100.0, 5525.0], [5500.0, 5100.0, 5575.0], [5500.0, 5125.0, 5525.0], [5500.0, 5125.0, 5550.0], [5500.0, 5125.0, 5575.0], [5500.0, 5150.0, 5550.0], 