{"576": {"centroid": [183.1581920903955, 253.01694915254237, 422.0621468926554], "vertices": [[4525.0, 6275.0, 10400.0], [4500.0, 6275.0, 10425.0], [4525.0, 6250.0, 10425.0], [4525.0, 6250.0, 10450.0], [4500.0, 6275.0, 10450.0], [4525.0, 6250.0, 10475.0], [4500.0, 6275.0, 10475.0], [4525.0, 6250.0, 10500.0], [4500.0, 6275.0, 10500.0], [4525.0, 6275.0, 10525.0], [4500.0, 6300.0, 10425.0], [4525.0, 6300.0, 10400.0], [4500.0, 6300.0, 10450.0], [4500.0, 6300.0, 10475.0], [4500.0, 6300.0, 10500.0], [4500.0, 6300.0, 10525.0], [4525.0, 6275.0, 10550.0], [4500.0, 6300.0, 10550.0], [4525.0, 6300.0, 10575.0], [4500.0, 6325.0, 10425.0], [4525.0, 6325.0, 10400.0], [4500.0, 6325.0, 10450.0], [4500.0, 6325.0, 10475.0], [4500.0, 6325.0, 10500.0], [4500.0, 6325.0, 10525.0], [4500.0, 6325.0, 10550.0], [4500.0, 6325.0, 10575.0], [4525.0, 6325.0, 10600.0], [4525.0, 6350.0, 10425.0], [4500.0, 6350.0, 10450.0], [4500.0, 6350.0, 10475.0], [4500.0, 6350.0, 10500.0], [4500.0, 6350.0, 10525.0], [4500.0, 6350.0, 10550.0], [4500.0, 6350.0, 10575.0], [4525.0, 6350.0, 10600.0], [4525.0, 6375.0, 10450.0], [4525.0, 6375.0, 10475.0], [4525.0, 6375.0, 10500.0], [4525.0, 6375.0, 10525.0], [4525.0, 6375.0, 10550.0], [4525.0, 6375.0, 10575.0], [4550.0, 6275.0, 10400.0], [4550.0, 6250.0, 10425.0], [4550.0, 6250.0, 10450.0], [4550.0, 6250.0, 10475.0], [4550.0, 6250.0, 10500.0], [4550.0, 6250.0, 10525.0], [4550.0, 6250.0, 10550.0], [4550.0, 6275.0, 10575.0], [4550.0, 6300.0, 10400.0], [4550.0, 6275.0, 10600.0], [4525.0, 6300.0, 10600.0], [4550.0, 6275.0, 10625.0], [4525.0, 6300.0, 10625.0], [4550.0, 6300.0, 10650.0], [4550.0, 6325.0, 10400.0], [4525.0, 6325.0, 10625.0], [4525.0, 6325.0, 10650.0], [4550.0, 6325.0, 10675.0], [4550.0, 6350.0, 10425.0], [4525.0, 6350.0, 10625.0], [4525.0, 6350.0, 10650.0], [4550.0, 6350.0, 10675.0], [4550.0, 6375.0, 10450.0], [4550.0, 6375.0, 10475.0], [4550.0, 6375.0, 10500.0], [4525.0, 6375.0, 10600.0], [4550.0, 6375.0, 10625.0], [4550.0, 6375.0, 10650.0], [4550.0, 6400.0, 10525.0], [4550.0, 6400.0, 10550.0], [4550.0, 6400.0, 10575.0], [4550.0, 6400.0, 10600.0], [4575.0, 6275.0, 10400.0], [4575.0, 6250.0, 10425.0], [4575.0, 6250.0, 10450.0], [4575.0, 6250.0, 10475.0], [4575.0, 6250.0, 10500.0], [4575.0, 6250.0, 10525.0], [4575.0, 6250.0, 10550.0], [4575.0, 6250.0, 10575.0], [4575.0, 6275.0, 10600.0], [4575.0, 6300.0, 10400.0], [4575.0, 6275.0, 10625.0], [4575.0, 6275.0, 10650.0], [4575.0, 6300.0, 10675.0], [4575.0, 6325.0, 10400.0], [4575.0, 6325.0, 10700.0], [4575.0, 6350.0, 10425.0], [4575.0, 6350.0, 10700.0], [4575.0, 6375.0, 10450.0], [4575.0, 6375.0, 10475.0], [4575.0, 6375.0, 10675.0], [4575.0, 6400.0, 10500.0], [4575.0, 6400.0, 10525.0], [4575.0, 6400.0, 10550.0], [4575.0, 6400.0, 10575.0], [4575.0, 6400.0, 10600.0], [4575.0, 6400.0, 10625.0], [4575.0, 6400.0, 10650.0], [4600.0, 6275.0, 10425.0], [4600.0, 6275.0, 10450.0], [4600.0, 6250.0, 10475.0], [4600.0, 6250.0, 10500.0], [4600.0, 6250.0, 10525.0], [4600.0, 6250.0, 10550.0], [4600.0, 6250.0, 10575.0], [4600.0, 6275.0, 10600.0], [4600.0, 6300.0, 10425.0], [4600.0, 6275.0, 10625.0], [4600.0, 6275.0, 10650.0], [4600.0, 6300.0, 10675.0], [4600.0, 6325.0, 10425.0], [4600.0, 6325.0, 10700.0], [4600.0, 6350.0, 10450.0], [4600.0, 6350.0, 10700.0], [4600.0, 6375.0, 10475.0], [4600.0, 6375.0, 10500.0], [4600.0, 6375.0, 10675.0], [4600.0, 6400.0, 10525.0], [4600.0, 6400.0, 10550.0], [4600.0, 6400.0, 10575.0], [4600.0, 6400.0, 10600.0], [4600.0, 6400.0, 10625.0], [4600.0, 6400.0, 10650.0], [4625.0, 6275.0, 10475.0], [4625.0, 6275.0, 10500.0], [4625.0, 6275.0, 10525.0], [4625.0, 6275.0, 10550.0], [4625.0, 6275.0, 10575.0], [4625.0, 6300.0, 10450.0], [4625.0, 6300.0, 10475.0], [4625.0, 6300.0, 10500.0], [4625.0, 6300.0, 10525.0], [4625.0, 6275.0, 10600.0], [4625.0, 6275.0, 10625.0], [4625.0, 6275.0, 10650.0], [4625.0, 6300.0, 10675.0], [4625.0, 6325.0, 10450.0], [4625.0, 6325.0, 10475.0], [4625.0, 6325.0, 10500.0], [4625.0, 6325.0, 10700.0], [4625.0, 6350.0, 10475.0], [4625.0, 6350.0, 10500.0], [4625.0, 6350.0, 10700.0], [4625.0, 6375.0, 10525.0], [4625.0, 6375.0, 10675.0], [4625.0, 6375.0, 10550.0], [4625.0, 6400.0, 10575.0], [4625.0, 6400.0, 10600.0], [4625.0, 6400.0, 10625.0], [4625.0, 6400.0, 10650.0], [4650.0, 6300.0, 10550.0], [4650.0, 6300.0, 10575.0], [4650.0, 6300.0, 10600.0], [4650.0, 6275.0, 10625.0], [4650.0, 6300.0, 10650.0], [4650.0, 6325.0, 10525.0], [4650.0, 6325.0, 10550.0], [4650.0, 6325.0, 10575.0], [4650.0, 6300.0, 10675.0], [4650.0, 6325.0, 10700.0], [4650.0, 6350.0, 10525.0], [4650.0, 6350.0, 10550.0], [4650.0, 6350.0, 10575.0], [4650.0, 6350.0, 10700.0], [4650.0, 6375.0, 10575.0], [4650.0, 6375.0, 10600.0], [4650.0, 6375.0, 10650.0], [4650.0, 6375.0, 10675.0], [4650.0, 6375.0, 10625.0], [4675.0, 6300.0, 10625.0], [4675.0, 6325.0, 10600.0], [4675.0, 6325.0, 10625.0], [4675.0, 6325.0, 10650.0], [4675.0, 6325.0, 10675.0], [4675.0, 6350.0, 10600.0], [4675.0, 6350.0, 10625.0], [4675.0, 6350.0, 10650.0], [4675.0, 6350.0, 10675.0]],