{"699": {"centroid": [143.51041666666666, 169.04166666666666, 154.10416666666666], "vertices": [[3375.0, 4475.0, 3975.0], [3350.0, 4475.0, 4000.0], [3375.0, 4450.0, 4000.0], [3375.0, 4475.0, 4025.0], [3350.0, 4500.0, 4000.0], [3375.0, 4500.0, 3975.0], [3375.0, 4500.0, 4025.0], [3375.0, 4525.0, 4000.0], [3400.0, 4450.0, 3950.0], [3375.0, 4450.0, 3975.0], [3400.0, 4425.0, 3975.0], [3400.0, 4450.0, 4000.0], [3400.0, 4475.0, 3950.0], [3400.0, 4475.0, 4025.0], [3400.0, 4500.0, 3975.0], [3400.0, 4500.0, 4025.0], [3400.0, 4525.0, 4000.0], [3425.0, 4425.0, 3925.0], [3400.0, 4425.0, 3950.0], [3425.0, 4400.0, 3950.0], [3425.0, 4400.0, 3975.0], [3425.0, 4425.0, 4000.0], [3425.0, 4450.0, 3950.0], [3425.0, 4450.0, 4000.0], [3425.0, 4475.0, 3950.0], [3425.0, 4475.0, 4000.0], [3425.0, 4500.0, 3950.0], [3425.0, 4500.0, 4000.0], [3425.0, 4525.0, 3975.0], [3450.0, 4375.0, 3900.0], [3425.0, 4375.0, 3925.0], [3450.0, 4350.0, 3925.0], [3450.0, 4375.0, 3950.0], [3425.0, 4400.0, 3925.0], [3450.0, 4400.0, 3900.0], [3450.0, 4400.0, 3975.0], [3450.0, 4425.0, 3925.0], [3450.0, 4425.0, 3975.0], [3450.0, 4450.0, 3925.0], [3450.0, 4450.0, 3975.0], [3450.0, 4475.0, 3950.0], [3450.0, 4475.0, 4000.0], [3450.0, 4500.0, 3950.0], [3450.0, 4500.0, 4000.0], [3450.0, 4525.0, 3975.0], [3475.0, 4325.0, 3875.0], [3450.0, 4325.0, 3900.0], [3475.0, 4300.0, 3900.0], [3475.0, 4325.0, 3925.0], [3450.0, 4350.0, 3900.0], [3475.0, 4350.0, 3875.0], [3475.0, 4350.0, 3950.0], [3475.0, 4375.0, 3900.0], [3475.0, 4375.0, 3950.0], [3475.0, 4400.0, 3900.0], [3475.0, 4400.0, 3950.0], [3475.0, 4425.0, 3900.0], [3475.0, 4425.0, 3950.0], [3475.0, 4450.0, 3900.0], [3475.0, 4450.0, 3975.0], [3475.0, 4475.0, 3925.0], [3475.0, 4475.0, 3975.0], [3475.0, 4500.0, 3925.0], [3475.0, 4500.0, 3975.0], [3475.0, 4525.0, 3950.0], [3500.0, 4325.0, 3875.0], [3500.0, 4300.0, 3900.0], [3500.0, 4325.0, 3925.0], [3500.0, 4350.0, 3875.0], [3500.0, 4350.0, 3925.0], [3500.0, 4375.0, 3900.0], [3500.0, 4375.0, 3925.0], [3500.0, 4400.0, 3900.0], [3500.0, 4400.0, 3950.0], [3500.0, 4425.0, 3900.0], [3500.0, 4425.0, 3950.0], [3500.0, 4450.0, 3900.0], [3500.0, 4450.0, 3950.0], [3500.0, 4475.0, 3925.0], [3500.0, 4475.0, 3950.0], [3500.0, 4500.0, 3950.0], [3525.0, 4275.0, 3850.0], [3500.0, 4275.0, 3875.0], [3525.0, 4250.0, 3875.0], [3525.0, 4250.0, 3900.0], [3500.0, 4275.0, 3900.0], [3525.0, 4275.0, 3925.0], [3500.0, 4300.0, 3875.0], [3525.0, 4300.0, 3850.0], [3525.0, 4300.0, 3925.0], [3525.0, 4325.0, 3850.0], [3525.0, 4325.0, 3925.0], [3525.0, 4350.0, 3875.0], [3525.0, 4350.0, 3925.0], [3525.0, 4375.0, 3875.0], [3525.0, 4375.0, 3925.0], [3525.0, 4400.0, 3900.0], [3525.0, 4400.0, 3925.0], [3525.0, 4425.0, 3925.0], [3525.0, 4450.0, 3925.0], [3550.0, 4250.0, 3825.0], [3525.0, 4250.0, 3850.0], [3550.0, 4225.0, 3850.0], [3550.0, 4225.0, 3875.0], [3550.0, 4250.0, 3900.0], [3550.0, 4275.0, 3850.0], [3550.0, 4275.0, 3900.0], [3550.0, 4300.0, 3850.0], [3550.0, 4300.0, 3925.0], [3550.0, 4325.0, 3850.0], [3550.0, 4325.0, 3925.0], [3550.0, 4350.0, 3875.0], [3550.0, 4350.0, 3925.0], [3550.0, 4375.0, 3900.0], [3575.0, 4200.0, 3800.0], [3550.0, 4200.0, 3825.0], [3575.0, 4175.0, 3825.0], [3575.0, 4200.0, 3850.0], [3550.0, 4225.0, 3825.0], [3575.0, 4225.0, 3800.0], [3575.0, 4225.0, 3875.0], [3575.0, 4250.0, 3800.0], [3575.0, 4250.0, 3875.0], [3575.0, 4275.0, 3825.0], [3575.0, 4275.0, 3875.0], [3575.0, 4300.0, 3850.0], [3575.0, 4300.0, 3875.0], [3575.0, 4300.0, 3900.0], [3575.0, 4325.0, 3875.0], [3575.0, 4325.0, 3900.0], [3575.0, 4350.0, 3900.0], [3600.0, 4150.0, 3775.0], [3575.0, 4150.0, 3800.0], [3600.0, 4125.0, 3800.0], [3600.0, 4150.0, 3825.0], [3600.0, 4175.0, 3800.0], [3600.0, 4175.0, 3850.0], [3600.0, 4200.0, 3800.0], [3600.0, 4200.0, 3850.0], [3600.0, 4225.0, 3800.0], [3600.0, 4225.0, 3850.0], [3600.0, 4250.0, 3825.0], [3600.0, 4250.0, 3875.0], [3600.0, 4275.0, 3850.0], [3625.0, 4125.0, 3775.0], [3625.0, 4100.0, 3800.0], [3625.0, 4125.0, 3825.0], [3625.0, 4150.0, 3775.0], [3625.0, 4150.0, 3825.0], [3625.0, 4175.0, 3800.0], [3625.0, 4175.0, 3825.0], [3625.0, 4200.0, 3825.0], [3625.0, 4225.0, 3825.0], [3625.0, 4250.0, 3850.0], [3650.0, 4100.0, 3750.0], [3625.0, 4100.0, 3775.0], [3650.0, 4075.0, 3775.0], [3650.0, 4075.0, 3800.0], [3650.0, 4100.0, 3825.0], [3650.0, 4125.0, 3775.0], [3650.0, 4125.0, 3825.0], [3650.0, 4150.0, 3775.0], [3650.0, 4150.0, 3825.0], [3650.0, 4175.0, 3775.0], [3650.0, 4175.0, 3825.0], [3650.0, 4200.0, 3800.0], [3675.0, 4050.0, 3750.0], [3650.0, 4050.0, 3775.0], [3675.0, 4025.0, 3775.0], [3675.0, 4050.0, 3800.0], [3675.0, 4075.0, 3750.0], [3675.0, 4075.0, 3800.0], [3675.0, 4100.0, 3750.0], [3675.0, 4100.0, 3800.0], [3675.0, 4125.0, 3775.0], [3675.0, 4125.0, 3825.0], [3675.0, 4150.0, 3775.0], [3675.0, 4150.0, 3825.0], [3675.0, 4175.0, 3775.0], [3675.0, 4175.0, 3825.0], [3675.0, 4200.0, 3800.0], [3700.0, 4050.0, 3775.0], [3700.0, 4075.0, 3750.0], [3700.0, 4075.0, 3800.0], [3700.0, 4100.0, 3750.0], [3700.0, 4100.0, 3800.0], [3700.0, 4125.0, 3750.0], [3700.0, 4125.0, 3800.0], [3700.0, 4150.0, 3775.0], [3700.0, 4150.0, 3825.0], [3700.0, 4175.0, 3800.0], [3725.0, 3975.0, 3725.0], [3700.0, 3975.0, 3750.0], [3725.0, 3950.0, 3750.0], [3725.0, 3975.0, 3775.0], [3700.0, 4000.0, 3750.0], [3725.0, 4000.0, 3725.0], [3725.0, 4000.0, 3775.0], [3700.0, 4025.0, 3750.0], [3725.0, 4025.0, 3725.0], [3725.0, 4025.0, 3775.0], [3725.0, 4050.0, 3750.0], [3725.0, 4075.0, 3775.0], [3725.0, 4100.0, 3775.0], [3725.0, 4125.0, 3775.0], [3725.0, 4150.0, 3800.0], [3750.0, 3950.0, 3700.0], [3725.0, 3950.0, 3725.0], [3750.0, 3925.0, 3725.0], [3750.0, 3925.0, 3750.0], [3750.0, 3950.0, 3775.0], [3750.0, 3975.0, 3725.0], [3750.0, 3975.0, 3775.0], [3750.0, 4000.0, 3725.0], [3750.0, 4000.0, 3775.0], [3750.0, 4025.0, 3750.0], [3775.0, 3925.0, 3700.0], [3775.0, 3900.0, 3725.0], [3775.0, 3900.0, 3750.0], [3775.0, 3925.0, 3775.0], [3775.0, 3950.0, 3700.0], [3775.0, 3950.0, 3775.0], [3775.0, 3975.0, 3725.0], [3775.0, 3975.0, 3750.0], [3775.0, 4000.0, 3750.0], [3800.0, 3875.0, 3700.0], [3775.0, 3875.0, 3725.0], [3800.0, 3850.0, 3725.0], [3800.0, 3875.0, 3750.0], [3800.0, 3900.0, 3700.0], [3800.0, 3900.0, 3750.0], [3800.0, 3925.0, 3725.0], [3800.0, 3925.0, 3750.0], [3800.0, 3950.0, 3725.0], [3800.0, 3950.0, 3750.0], [3825.0, 3850.0, 3675.0], [3800.0, 3850.0, 3700.0], [3825.0, 3825.0, 3700.0], [3825.0, 3850.0, 3725.0], [3825.0, 3875.0, 3700.0], [3825.0, 3875.0, 3725.0], [3825.0, 3900.0, 3725.0], [3850.0, 3825.0, 3675.0], [3850.0, 3800.0, 3700.0], [3850.0, 3825.0, 3725.0], [3850.0, 3850.0, 3700.0], [3875.0, 3775.0, 3675.0], [3850.0, 3775.0, 3700.0], [3875.0, 3750.0, 3700.0], [3875.0, 3775.0, 3725.0], [3875.0, 3800.0, 3675.0], [3875.0, 3800.0, 3725.0], [3875.0, 3825.0, 3700.0], [3900.0, 3775.0, 3700.0], [3900.0, 3800.0, 3700.0], [3925.0, 3725.0, 3650.0], [3900.0, 3725.0, 3675.0], [3925.0, 3700.0, 3675.0], [3925.0, 3700.0, 3700.0], [3900.0, 3725.0, 3700.0], [3925.0, 3725.0, 3725.0], [3925.0, 3750.0, 3675.0], [3925.0, 3750.0, 3700.0], [3950.0, 3725.0, 3675.0], [3950.0, 3725.0, 3700.0]],