{"280": {"centroid": [195.45213849287168, 175.25050916496946, 426.18533604887983], "vertices": [[4800.0, 4275.0, 10625.0], [4775.0, 4275.0, 10650.0], [4800.0, 4250.0, 10650.0], [4800.0, 4250.0, 10675.0], [4775.0, 4275.0, 10675.0], [4800.0, 4275.0, 10700.0], [4775.0, 4300.0, 10650.0], [4800.0, 4300.0, 10625.0], [4775.0, 4300.0, 10675.0], [4775.0, 4300.0, 10700.0], [4800.0, 4300.0, 10725.0], [4800.0, 4325.0, 10600.0], [4775.0, 4325.0, 10625.0], [4775.0, 4325.0, 10650.0], [4775.0, 4325.0, 10675.0], [4775.0, 4325.0, 10700.0], [4800.0, 4325.0, 10725.0], [4775.0, 4350.0, 10625.0], [4800.0, 4350.0, 10600.0], [4775.0, 4350.0, 10650.0], [4775.0, 4350.0, 10675.0], [4775.0, 4350.0, 10700.0], [4800.0, 4350.0, 10725.0], [4775.0, 4375.0, 10625.0], [4800.0, 4375.0, 10600.0], [4775.0, 4375.0, 10650.0], [4775.0, 4375.0, 10675.0], [4775.0, 4375.0, 10700.0], [4800.0, 4375.0, 10725.0], [4775.0, 4400.0, 10625.0], [4800.0, 4400.0, 10600.0], [4775.0, 4400.0, 10650.0], [4775.0, 4400.0, 10675.0], [4775.0, 4400.0, 10700.0], [4800.0, 4400.0, 10725.0], [4800.0, 4425.0, 10625.0], [4775.0, 4425.0, 10650.0], [4775.0, 4425.0, 10675.0], [4800.0, 4425.0, 10700.0], [4800.0, 4450.0, 10650.0], [4800.0, 4450.0, 10675.0], [4825.0, 4225.0, 10650.0], [4800.0, 4225.0, 10675.0], [4825.0, 4200.0, 10675.0], [4825.0, 4225.0, 10700.0], [4825.0, 4250.0, 10600.0], [4800.0, 4250.0, 10625.0], [4825.0, 4225.0, 10625.0], [4800.0, 4250.0, 10700.0], [4825.0, 4250.0, 10725.0], [4825.0, 4275.0, 10600.0], [4800.0, 4275.0, 10725.0], [4825.0, 4275.0, 10750.0], [4825.0, 4300.0, 10575.0], [4800.0, 4300.0, 10600.0], [4825.0, 4300.0, 10750.0], [4825.0, 4325.0, 10575.0], [4800.0, 4325.0, 10750.0], [4825.0, 4325.0, 10775.0], [4825.0, 4350.0, 10550.0], [4800.0, 4350.0, 10575.0], [4800.0, 4350.0, 10750.0], [4825.0, 4350.0, 10775.0], [4800.0, 4375.0, 10575.0], [4825.0, 4375.0, 10550.0], [4825.0, 4375.0, 10750.0], [4800.0, 4400.0, 10575.0], [4825.0, 4400.0, 10550.0], [4825.0, 4400.0, 10750.0], [4825.0, 4425.0, 10575.0], [4800.0, 4425.0, 10600.0], [4800.0, 4425.0, 10725.0], [4825.0, 4425.0, 10750.0], [4800.0, 4450.0, 10600.0], [4825.0, 4450.0, 10575.0], [4800.0, 4450.0, 10625.0], [4800.0, 4450.0, 10700.0], [4825.0, 4450.0, 10725.0], [4825.0, 4475.0, 10600.0], [4800.0, 4475.0, 10625.0], [4800.0, 4475.0, 10650.0], [4800.0, 4475.0, 10675.0], [4800.0, 4475.0, 10700.0], [4825.0, 4475.0, 10725.0], [4825.0, 4500.0, 10625.0], [4800.0, 4500.0, 10650.0], [4825.0, 4500.0, 10675.0], [4825.0, 4500.0, 10700.0], [4825.0, 4525.0, 10650.0], [4850.0, 4225.0, 10625.0], [4850.0, 4200.0, 10650.0], [4850.0, 4200.0, 10675.0], [4850.0, 4200.0, 10700.0], [4850.0, 4225.0, 10725.0], [4850.0, 4250.0, 10600.0], [4850.0, 4250.0, 10750.0], [4850.0, 4275.0, 10575.0], [4850.0, 4275.0, 10750.0], [4850.0, 4300.0, 10550.0], [4850.0, 4300.0, 10775.0], [4850.0, 4325.0, 10550.0], [4850.0, 4325.0, 10775.0], [4850.0, 4350.0, 10550.0], [4850.0, 4350.0, 10775.0], [4850.0, 4375.0, 10550.0], [4850.0, 4375.0, 10775.0], [4850.0, 4400.0, 10550.0], [4850.0, 4400.0, 10775.0], [4850.0, 4425.0, 10550.0], [4850.0, 4425.0, 10750.0], [4850.0, 4450.0, 10550.0], [4850.0, 4450.0, 10750.0], [4850.0, 4475.0, 10575.0], [4850.0, 4475.0, 10750.0], [4825.0, 4500.0, 10600.0], [4850.0, 4500.0, 10575.0], [4850.0, 4500.0, 10725.0], [4850.0, 4525.0, 10600.0], [4850.0, 4525.0, 10625.0], [4850.0, 4525.0, 10650.0], [4850.0, 4525.0, 10675.0], [4850.0, 4525.0, 10700.0], [4875.0, 4225.0, 10625.0], [4875.0, 4200.0, 10650.0], [4875.0, 4200.0, 10675.0], [4875.0, 4200.0, 10700.0], [4875.0, 4225.0, 10725.0], [4875.0, 4250.0, 10600.0], [4875.0, 4250.0, 10750.0], [4875.0, 4275.0, 10575.0], [4875.0, 4275.0, 10775.0], [4875.0, 4300.0, 10550.0], [4875.0, 4300.0, 10775.0], [4875.0, 4325.0, 10550.0], [4875.0, 4325.0, 10775.0], [4875.0, 4350.0, 10550.0], [4875.0, 4350.0, 10775.0], [4875.0, 4375.0, 10525.0], [4875.0, 4375.0, 10775.0], [4875.0, 4400.0, 10525.0], [4875.0, 4400.0, 10775.0], [4875.0, 4425.0, 10550.0], [4875.0, 4425.0, 10775.0], [4875.0, 4450.0, 10550.0], [4875.0, 4450.0, 10775.0], [4875.0, 4475.0, 10550.0], [4875.0, 4475.0, 10750.0], [4875.0, 4500.0, 10550.0], [4875.0, 4500.0, 10750.0], [4875.0, 4525.0, 10575.0], [4875.0, 4525.0, 10600.0], [4875.0, 4525.0, 10700.0], [4875.0, 4525.0, 10725.0], [4875.0, 4550.0, 10625.0], [4875.0, 4550.0, 10650.0], [4875.0, 4550.0, 10675.0], [4900.0, 4225.0, 10625.0], [4900.0, 4200.0, 10650.0], [4900.0, 4200.0, 10675.0], [4900.0, 4225.0, 10700.0], [4900.0, 4250.0, 10600.0], [4900.0, 4250.0, 10725.0], [4900.0, 4275.0, 10575.0], [4900.0, 4275.0, 10750.0], [4900.0, 4300.0, 10550.0], [4900.0, 4300.0, 10750.0], [4900.0, 4325.0, 10550.0], [4900.0, 4325.0, 10775.0], [4900.0, 4350.0, 10550.0], [4900.0, 4350.0, 10775.0], [4900.0, 4375.0, 10525.0], [4900.0, 4375.0, 10775.0], [4900.0, 4400.0, 10525.0], [4900.0, 4400.0, 10775.0], [4900.0, 4425.0, 10525.0], [4900.0, 4425.0, 10775.0], [4900.0, 4450.0, 10525.0], [4900.0, 4450.0, 10775.0], [4900.0, 4475.0, 10550.0], [4900.0, 4475.0, 10750.0], [4900.0, 4500.0, 10550.0], [4900.0, 4500.0, 10750.0], [4900.0, 4525.0, 10575.0], [4900.0, 4525.0, 10700.0], [4900.0, 4525.0, 10725.0], [4900.0, 4550.0, 10600.0], [4900.0, 4550.0, 10625.0], [4900.0, 4550.0, 10650.0], [4900.0, 4550.0, 10675.0], [4925.0, 4225.0, 10650.0], [4925.0, 4225.0, 10675.0], [4925.0, 4250.0, 10625.0], [4925.0, 4250.0, 10650.0], [4925.0, 4250.0, 10675.0], [4925.0, 4250.0, 10700.0], [4925.0, 4275.0, 10600.0], [4925.0, 4275.0, 10725.0], [4925.0, 4300.0, 10575.0], [4925.0, 4300.0, 10725.0], [4925.0, 4325.0, 10550.0], [4925.0, 4325.0, 10750.0], [4925.0, 4350.0, 10550.0], [4925.0, 4350.0, 10750.0], [4925.0, 4375.0, 10550.0], [4925.0, 4375.0, 10750.0], [4925.0, 4400.0, 10525.0], [4925.0, 4400.0, 10750.0], [4925.0, 4425.0, 10525.0], [4925.0, 4425.0, 10750.0], [4925.0, 4450.0, 10550.0], [4925.0, 4450.0, 10750.0], [4925.0, 4475.0, 10550.0], [4925.0, 4475.0, 10750.0], [4925.0, 4500.0, 10550.0], [4925.0, 4500.0, 10725.0], [4925.0, 4525.0, 10575.0], [4925.0, 4525.0, 10600.0], [4925.0, 4525.0, 10700.0], [4925.0, 4550.0, 10625.0], [4925.0, 4550.0, 10650.0], [4925.0, 4550.0, 10675.0], [4950.0, 4275.0, 10600.0], [4950.0, 4250.0, 10625.0], [4950.0, 4250.0, 10650.0], [4950.0, 4250.0, 10675.0], [4950.0, 4275.0, 10700.0], [4950.0, 4300.0, 10600.0], [4950.0, 4300.0, 10725.0], [4950.0, 4325.0, 10550.0], [4950.0, 4300.0, 10575.0], [4950.0, 4325.0, 10725.0], [4950.0, 4350.0, 10550.0], [4950.0, 4350.0, 10725.0], [4950.0, 4375.0, 10550.0], [4950.0, 4375.0, 10750.0], [4950.0, 4400.0, 10550.0], [4950.0, 4400.0, 10750.0], [4950.0, 4425.0, 10550.0], [4950.0, 4425.0, 10750.0], [4950.0, 4450.0, 10550.0], [4950.0, 4450.0, 10725.0], [4950.0, 4475.0, 10550.0], [4950.0, 4475.0, 10725.0], [4950.0, 4500.0, 10575.0], [4950.0, 4500.0, 10725.0], [4950.0, 4525.0, 10600.0], [4950.0, 4525.0, 10625.0], [4950.0, 4525.0, 10675.0], [4950.0, 4525.0, 10700.0], [4950.0, 4525.0, 10650.0], [4975.0, 4275.0, 10625.0], [4975.0, 4275.0, 10650.0], [4975.0, 4275.0, 10675.0], [4975.0, 4300.0, 10625.0], [4975.0, 4300.0, 10650.0], [4975.0, 4300.0, 10675.0], [4975.0, 4300.0, 10700.0], [4975.0, 4325.0, 10575.0], [4975.0, 4325.0, 10600.0], [4975.0, 4325.0, 10625.0], [4975.0, 4325.0, 10650.0], [4975.0, 4325.0, 10675.0], [4975.0, 4325.0, 10700.0], [4975.0, 4350.0, 10575.0], [4975.0, 4350.0, 10600.0], [4975.0, 4350.0, 10700.0], [4975.0, 4375.0, 10575.0], [4975.0, 4375.0, 10700.0], [4975.0, 4375.0, 10725.0], [4975.0, 4400.0, 10575.0], [4975.0, 4400.0, 10700.0], [4975.0, 4400.0, 10725.0], [4975.0, 4425.0, 10575.0], [4975.0, 4425.0, 10700.0], [4975.0, 4425.0, 10725.0], [4975.0, 4450.0, 10575.0], [4975.0, 4450.0, 10700.0], [4975.0, 4475.0, 10575.0], [4975.0, 4475.0, 10600.0], [4975.0, 4475.0, 10675.0], [4975.0, 4475.0, 10700.0], [4975.0, 4500.0, 10600.0], [4975.0, 4500.0, 10625.0], [4975.0, 4500.0, 10650.0], [4975.0, 4500.0, 10675.0], [4975.0, 4500.0, 10700.0], [5000.0, 4350.0, 10625.0], [5000.0, 4350.0, 10650.0], [5000.0, 4350.0, 10675.0], [5000.0, 4375.0, 10600.0], [5000.0, 4375.0, 10625.0], [5000.0, 4375.0, 10650.0], [5000.0, 4375.0, 