{"332": {"centroid": [211.4, 248.44102564102565, 247.82564102564103], "vertices": [[5200.0, 6175.0, 6150.0], [5175.0, 6175.0, 6175.0], [5200.0, 6150.0, 6175.0], [5200.0, 6150.0, 6200.0], [5175.0, 6175.0, 6200.0], [5200.0, 6175.0, 6225.0], [5200.0, 6200.0, 6125.0], [5175.0, 6200.0, 6150.0], [5175.0, 6200.0, 6175.0], [5175.0, 6200.0, 6200.0], [5200.0, 6200.0, 6225.0], [5200.0, 6225.0, 6150.0], [5200.0, 6225.0, 6175.0], [5200.0, 6225.0, 6200.0], [5225.0, 6150.0, 6175.0], [5225.0, 6125.0, 6200.0], [5225.0, 6125.0, 6225.0], [5200.0, 6150.0, 6225.0], [5225.0, 6125.0, 6250.0], [5200.0, 6150.0, 6250.0], [5225.0, 6150.0, 6275.0], [5225.0, 6175.0, 6100.0], [5200.0, 6175.0, 6125.0], [5225.0, 6150.0, 6125.0], [5225.0, 6150.0, 6150.0], [5200.0, 6175.0, 6250.0], [5200.0, 6175.0, 6275.0], [5225.0, 6175.0, 6300.0], [5225.0, 6200.0, 6100.0], [5200.0, 6200.0, 6250.0], [5200.0, 6200.0, 6275.0], [5225.0, 6200.0, 6300.0], [5200.0, 6225.0, 6125.0], [5225.0, 6225.0, 6100.0], [5200.0, 6225.0, 6225.0], [5200.0, 6225.0, 6250.0], [5225.0, 6225.0, 6275.0], [5200.0, 6250.0, 6125.0], [5225.0, 6250.0, 6100.0], [5200.0, 6250.0, 6150.0], [5200.0, 6250.0, 6175.0], [5200.0, 6250.0, 6200.0], [5225.0, 6250.0, 6225.0], [5225.0, 6250.0, 6250.0], [5225.0, 6275.0, 6125.0], [5225.0, 6275.0, 6150.0], [5225.0, 6275.0, 6175.0], [5225.0, 6275.0, 6200.0], [5250.0, 6150.0, 6150.0], [5250.0, 6125.0, 6175.0], [5250.0, 6125.0, 6200.0], [5250.0, 6125.0, 6225.0], [5250.0, 6125.0, 6250.0], [5250.0, 6150.0, 6275.0], [5250.0, 6175.0, 6100.0], [5250.0, 6150.0, 6125.0], [5250.0, 6175.0, 6300.0], [5250.0, 6200.0, 6100.0], [5250.0, 6200.0, 6300.0], [5250.0, 6225.0, 6100.0], [5250.0, 6225.0, 6300.0], [5250.0, 6250.0, 6100.0], [5250.0, 6250.0, 6275.0], [5250.0, 6275.0, 6125.0], [5250.0, 6275.0, 6225.0], [5250.0, 6275.0, 6250.0], [5250.0, 6300.0, 6150.0], [5250.0, 6300.0, 6175.0], [5250.0, 6300.0, 6200.0], [5275.0, 6150.0, 6125.0], [5275.0, 6125.0, 6150.0], [5275.0, 6125.0, 6175.0], [5275.0, 6125.0, 6200.0], [5275.0, 6125.0, 6225.0], [5275.0, 6125.0, 6250.0], [5275.0, 6150.0, 6275.0], [5275.0, 6175.0, 6100.0], [5275.0, 6175.0, 6300.0], [5275.0, 6200.0, 6100.0], [5275.0, 6200.0, 6300.0], [5275.0, 6225.0, 6100.0], [5275.0, 6225.0, 6300.0], [5275.0, 6250.0, 6100.0], [5275.0, 6250.0, 6275.0], [5275.0, 6275.0, 6125.0], [5275.0, 6275.0, 6250.0], [5275.0, 6300.0, 6150.0], [5275.0, 6300.0, 6175.0], [5275.0, 6300.0, 6200.0], [5275.0, 6300.0, 6225.0], [5300.0, 6150.0, 6150.0], [5300.0, 6125.0, 6175.0], [5300.0, 6125.0, 6200.0], [5300.0, 6125.0, 6225.0], [5300.0, 6150.0, 6250.0], [5300.0, 6175.0, 6100.0], [5300.0, 6150.0, 6125.0], [5300.0, 6150.0, 6275.0], [5300.0, 6175.0, 6300.0], [5300.0, 6200.0, 6100.0], [5300.0, 6200.0, 6300.0], [5300.0, 6225.0, 6100.0], [5300.0, 6225.0, 6300.0], [5300.0, 6250.0, 6100.0], [5300.0, 6250.0, 6300.0], [5300.0, 6275.0, 6125.0], [5300.0, 6275.0, 6275.0], [5300.0, 6300.0, 6150.0], [5300.0, 6300.0, 6175.0], [5300.0, 6300.0, 6200.0], [5300.0, 6300.0, 6225.0], [5300.0, 6300.0, 6250.0], [5325.0, 6150.0, 6175.0], [5325.0, 6150.0, 6200.0], [5325.0, 6150.0, 6225.0], [5325.0, 6175.0, 6100.0], [5325.0, 6150.0, 6125.0], [5325.0, 6150.0, 6150.0], [5325.0, 6150.0, 6250.0], [5325.0, 6150.0, 6275.0], [5325.0, 6175.0, 6300.0], [5325.0, 6200.0, 6100.0], [5325.0, 6200.0, 6300.0], [5325.0, 6225.0, 6100.0], [5325.0, 6225.0, 6300.0], [5325.0, 6250.0, 6100.0], [5325.0, 6250.0, 6275.0], [5325.0, 6275.0, 6125.0], [5325.0, 6275.0, 6250.0], [5325.0, 6300.0, 6150.0], [5325.0, 6300.0, 6175.0], [5325.0, 6300.0, 6200.0], [5325.0, 6275.0, 6225.0], [5350.0, 6175.0, 6125.0], [5350.0, 6150.0, 6150.0], [5350.0, 6150.0, 6175.0], [5350.0, 6150.0, 6200.0], [5350.0, 6150.0, 6225.0], [5350.0, 6150.0, 6250.0], [5350.0, 6175.0, 6275.0], [5350.0, 6200.0, 6100.0], [5350.0, 6200.0, 6275.0], [5350.0, 6225.0, 6100.0], [5350.0, 6225.0, 6275.0], [5350.0, 6250.0, 6125.0], [5350.0, 6250.0, 6275.0], [5350.0, 6275.0, 6150.0], [5350.0, 6275.0, 6200.0], [5350.0, 6275.0, 6225.0], [5350.0, 6275.0, 6250.0], [5350.0, 6300.0, 6175.0], [5375.0, 6175.0, 6150.0], [5375.0, 6175.0, 6175.0], [5375.0, 6175.0, 6200.0], [5375.0, 6175.0, 6225.0], [5375.0, 6175.0, 6250.0], [5375.0, 6200.0, 6125.0], [5375.0, 6200.0, 6150.0], [5375.0, 6200.0, 6225.0], [5375.0, 6200.0, 6250.0], [5375.0, 6225.0, 6125.0], [5375.0, 6225.0, 6150.0], [5375.0, 6225.0, 6225.0], [5375.0, 6225.0, 6250.0], [5375.0, 6250.0, 6150.0], [5375.0, 6250.0, 6175.0], [5375.0, 6250.0, 6200.0], [5375.0, 6250.0, 6225.0], [5375.0, 6250.0, 6250.0], [5375.0, 6275.0, 6175.0], [5400.0, 6200.0, 6175.0], [5400.0, 6200.0, 6200.0], [5400.0, 6225.0, 6175.0], [5400.0, 6225.0, 6200.0]],