{"526322264": {"centroid": [175.96969696969697, 126.48484848484848, 136.42424242424244], "vertices": [[4275.0, 3200.0, 3375.0], [4250.0, 3200.0, 3400.0], [4275.0, 3175.0, 3400.0], [4275.0, 3200.0, 3425.0], [4275.0, 3225.0, 3350.0], [4250.0, 3225.0, 3375.0], [4250.0, 3225.0, 3400.0], [4275.0, 3225.0, 3425.0], [4275.0, 3250.0, 3375.0], [4275.0, 3250.0, 3400.0], [4300.0, 3175.0, 3375.0], [4300.0, 3150.0, 3400.0], [4300.0, 3175.0, 3425.0], [4300.0, 3200.0, 3350.0], [4300.0, 3200.0, 3425.0], [4300.0, 3225.0, 3350.0], [4300.0, 3225.0, 3400.0], [4300.0, 3250.0, 3375.0], [4325.0, 3175.0, 3375.0], [4325.0, 3150.0, 3400.0], [4325.0, 3175.0, 3425.0], [4325.0, 3200.0, 3350.0], [4325.0, 3200.0, 3400.0], [4325.0, 3225.0, 3375.0], [4350.0, 3175.0, 3375.0], [4350.0, 3150.0, 3400.0], [4350.0, 3175.0, 3425.0], [4350.0, 3200.0, 3350.0], [4350.0, 3200.0, 3400.0], [4350.0, 3225.0, 3375.0], [4375.0, 3150.0, 3400.0], [4350.0, 3150.0, 3425.0], [4375.0, 3125.0, 3425.0], [4375.0, 3150.0, 3450.0], [4375.0, 3175.0, 3350.0], [4375.0, 3150.0, 3375.0], [4375.0, 3175.0, 3425.0], [4375.0, 3200.0, 3375.0], [4375.0, 3200.0, 3400.0], [4400.0, 3125.0, 3400.0], [4400.0, 3100.0, 3425.0], [4400.0, 3125.0, 3450.0], [4400.0, 3150.0, 3400.0], [4400.0, 3150.0, 3450.0], [4400.0, 3175.0, 3375.0], [4400.0, 3175.0, 3425.0], [4400.0, 3200.0, 3400.0], [4425.0, 3125.0, 3400.0], [4425.0, 3100.0, 3425.0], [4425.0, 3100.0, 3450.0], [4425.0, 3125.0, 3475.0], [4425.0, 3150.0, 3375.0], [4425.0, 3150.0, 3450.0], [4425.0, 3175.0, 3400.0], [4425.0, 3175.0, 3425.0], [4450.0, 3125.0, 3400.0], [4450.0, 3100.0, 3425.0], [4450.0, 3100.0, 3450.0], [4450.0, 3125.0, 3475.0], [4450.0, 3150.0, 3375.0], [4450.0, 3150.0, 3450.0], [4450.0, 3175.0, 3400.0], [4450.0, 3175.0, 3425.0], [4475.0, 3125.0, 3400.0], [4475.0, 3100.0, 3425.0], [4475.0, 3100.0, 3450.0], [4475.0, 3125.0, 3475.0], [4475.0, 3150.0, 3400.0], [4475.0, 3150.0, 3450.0], [4475.0, 3175.0, 3425.0], [4500.0, 3125.0, 3400.0], [4500.0, 3100.0, 3425.0], [4500.0, 3100.0, 3450.0], [4500.0, 3125.0, 3475.0], [4500.0, 3150.0, 3400.0], [4500.0, 3150.0, 3450.0], [4500.0, 3175.0, 3425.0], [4525.0, 3125.0, 3425.0], [4525.0, 3125.0, 3450.0], [4525.0, 3150.0, 3375.0], [4525.0, 3125.0, 3400.0], [4525.0, 3150.0, 3450.0], [4525.0, 3175.0, 3400.0], [4525.0, 3175.0, 3425.0], [4550.0, 3150.0, 3400.0], [4550.0, 3150.0, 3425.0]], "faces": [[0, 1, 2], [2, 1, 3], [4, 5, 0], [5, 6, 1], [5, 1, 0], [1, 6, 7], [3, 1, 7], [8, 5, 4], [5, 8, 6], [8, 9, 6], [6, 9, 7], [10, 2, 11], [11, 2, 12], [13, 0, 10], [10, 0, 2], [14, 12, 3], [12, 2, 3], [13, 15, 4], [4, 0, 13], [16, 14, 7], [14, 3, 7], [4, 15, 17], [4, 17, 8], [9, 8, 17], [9, 17, 16], [7, 9, 16], [19, 18, 10], [10, 11, 19], [20, 11, 12], [19, 11, 20], [18, 21, 13], [13, 10, 18], [22, 20, 14], [20, 12, 14], [21, 15, 13], [21, 23, 15], [16, 23, 22], [14, 16, 22], [17, 15, 23], [16, 17, 23], [25, 24, 18], [18, 19, 25], [26, 19, 20], [25, 19, 26], [24, 27, 21], [21, 18, 24], [28, 24, 18], [22, 28, 18], [28, 18, 22], [24, 18, 28], [20, 22, 28], [26, 20, 28], [21, 27, 29], [21, 29, 23], [22, 23, 29], [28, 22, 29], [30, 31, 32], [32, 31, 33], [34, 24, 35], [25, 30, 35], [25, 35, 24], [36, 25, 26], [30, 25, 36], [36, 31, 30], [31, 36, 33], [37, 24, 34], [24, 37, 27], [37, 38, 28], [28, 37, 24], [24, 28, 37], [26, 28, 38], [36, 26, 38], [29, 27, 37], [28, 29, 37], [39, 32, 40], [40, 32, 41], [39, 42, 30], [30, 32, 39], [43, 41, 33], [41, 32, 33], [35, 44, 34], [35, 30, 42], [35, 42, 44], [30, 42, 45], [36, 45, 30], [45, 30, 36], [45, 30, 42], [33, 36, 45], [43, 33, 45], [37, 34, 44], [46, 38, 37], [44, 46, 37], [36, 38, 46], [45, 36, 46], [48, 47, 39], [39, 40, 48], [49, 48, 40], [40, 41, 49], [49, 41, 50], [51, 42, 47], [42, 39, 47], [52, 41, 43], [41, 52, 50], [53, 42, 51], [42, 53, 44], [53, 54, 45], [42, 53, 45], [53, 45, 42], [43, 45, 54], [52, 43, 54], [46, 44, 53], [45, 46, 53], [56, 55, 47], [47, 48, 56], [48, 49, 56], [57, 56, 49], [58, 49, 50], [57, 49, 58], [55, 59, 51], [51, 47, 55], [50, 52, 60], [58, 50, 60], [51, 59, 61], [51, 61, 53], [61, 54, 53], [54, 61, 62], [52, 54, 62], [60, 52, 62], [64, 63, 55], [55, 56, 64], [56, 57, 64], [65, 64, 57], [66, 57, 58], [65, 57, 66], [55, 67, 59], [67, 55, 63], [58, 60, 68], [66, 58, 68], [61, 59, 67], [69, 62, 61], [67, 69, 61], [60, 62, 69], [68, 60, 69], [71, 70, 63], [63, 64, 71], [64, 65, 71], [72, 71, 65], [73, 65, 66], [72, 65, 73], [67, 63, 74], [74, 63, 70], [66, 68, 75], [73, 66, 75], [67, 74, 76], [67, 76, 69], [68, 69, 76], [75, 68, 76], [71, 77, 70], [78, 77, 71], [71, 72, 78], [72, 73, 78], [79, 74, 80], [74, 70, 77], [77, 80, 74], [77, 78, 75], [75, 81, 77], [73, 75, 78], [82, 74, 79], [82, 83, 76], [74, 82, 76], [75, 76, 83], [81, 75, 83], [80, 84, 79], [85, 84, 80], [80, 77, 85], [77, 81, 85], [82, 79, 84], [82, 84, 83], [83, 84, 85], [81, 83, 85]]}}