{"549009219": {"centroid": [177.81425485961122, 222.94600431965443, 407.8725701943844], "vertices": [[4325.0, 5550.0, 10075.0], [4300.0, 5550.0, 10100.0], [4325.0, 5525.0, 10100.0], [4325.0, 5525.0, 10125.0], [4300.0, 5550.0, 10125.0], [4325.0, 5525.0, 10150.0], [4300.0, 5550.0, 10150.0], [4325.0, 5550.0, 10175.0], [4325.0, 5575.0, 10050.0], [4300.0, 5575.0, 10075.0], [4300.0, 5575.0, 10100.0], [4300.0, 5575.0, 10125.0], [4300.0, 5575.0, 10150.0], [4300.0, 5575.0, 10175.0], [4325.0, 5575.0, 10200.0], [4300.0, 5600.0, 10075.0], [4325.0, 5600.0, 10050.0], [4300.0, 5600.0, 10100.0], [4300.0, 5600.0, 10125.0], [4300.0, 5600.0, 10150.0], [4300.0, 5600.0, 10175.0], [4300.0, 5600.0, 10200.0], [4325.0, 5600.0, 10225.0], [4325.0, 5625.0, 10075.0], [4300.0, 5625.0, 10100.0], [4300.0, 5625.0, 10125.0], [4300.0, 5625.0, 10150.0], [4300.0, 5625.0, 10175.0], [4325.0, 5625.0, 10200.0], [4325.0, 5650.0, 10100.0], [4300.0, 5650.0, 10125.0], [4300.0, 5650.0, 10150.0], [4325.0, 5650.0, 10175.0], [4325.0, 5675.0, 10125.0], [4325.0, 5675.0, 10150.0], [4350.0, 5525.0, 10075.0], [4350.0, 5500.0, 10100.0], [4350.0, 5500.0, 10125.0], [4350.0, 5500.0, 10150.0], [4350.0, 5500.0, 10175.0], [4325.0, 5525.0, 10175.0], [4350.0, 5525.0, 10200.0], [4350.0, 5550.0, 10050.0], [4325.0, 5550.0, 10200.0], [4350.0, 5550.0, 10225.0], [4350.0, 5575.0, 10050.0], [4325.0, 5575.0, 10225.0], [4350.0, 5575.0, 10250.0], [4350.0, 5600.0, 10050.0], [4350.0, 5600.0, 10250.0], [4350.0, 5625.0, 10050.0], [4350.0, 5625.0, 10225.0], [4350.0, 5650.0, 10075.0], [4350.0, 5650.0, 10200.0], [4350.0, 5675.0, 10100.0], [4350.0, 5675.0, 10125.0], [4350.0, 5675.0, 10150.0], [4350.0, 5675.0, 10175.0], [4375.0, 5500.0, 10075.0], [4375.0, 5475.0, 10100.0], [4375.0, 5475.0, 10125.0], [4375.0, 5475.0, 10150.0], [4375.0, 5475.0, 10175.0], [4375.0, 5475.0, 10200.0], [4350.0, 5500.0, 10200.0], [4375.0, 5500.0, 10225.0], [4375.0, 5525.0, 10050.0], [4350.0, 5525.0, 10225.0], [4375.0, 5525.0, 10250.0], [4375.0, 5550.0, 10050.0], [4375.0, 5550.0, 10250.0], [4375.0, 5575.0, 10050.0], [4375.0, 5575.0, 10275.0], [4375.0, 5600.0, 10050.0], [4375.0, 5600.0, 10275.0], [4375.0, 5625.0, 10050.0], [4375.0, 5625.0, 10250.0], [4375.0, 5650.0, 10075.0], [4375.0, 5650.0, 10225.0], [4375.0, 5675.0, 10100.0], [4375.0, 5675.0, 10125.0], [4375.0, 5675.0, 10150.0], [4375.0, 5675.0, 10175.0], [4375.0, 5675.0, 10200.0], [4400.0, 5475.0, 10100.0], [4400.0, 5450.0, 10125.0], [4400.0, 5450.0, 10150.0], [4400.0, 5450.0, 10175.0], [4400.0, 5475.0, 10200.0], [4400.0, 5500.0, 10075.0], [4400.0, 5500.0, 10225.0], [4400.0, 5525.0, 10050.0], [4400.0, 5500.0, 10250.0], [4400.0, 5525.0, 10275.0], [4400.0, 5550.0, 10050.0], [4400.0, 5550.0, 10275.0], [4400.0, 5575.0, 10050.0], [4400.0, 5575.0, 10275.0], [4400.0, 5600.0, 10050.0], [4400.0, 5600.0, 10275.0], [4400.0, 5625.0, 10050.0], [4400.0, 5625.0, 10275.0], [4400.0, 5650.0, 10075.0], [4400.0, 5650.0, 10225.0], [4400.0, 5650.0, 10250.0], [4400.0, 5675.0, 10100.0], [4400.0, 5675.0, 10125.0], [4400.0, 5675.0, 10150.0], [4400.0, 5675.0, 10175.0], [4400.0, 5675.0, 10200.0], [4425.0, 5475.0, 10100.0], [4425.0, 5450.0, 10125.0], [4425.0, 5450.0, 10150.0], [4425.0, 5450.0, 10175.0], [4425.0, 5450.0, 10200.0], [4425.0, 5475.0, 10225.0], [4425.0, 5500.0, 10075.0], [4425.0, 5475.0, 10250.0], [4425.0, 5500.0, 10275.0], [4425.0, 5525.0, 10050.0], [4425.0, 5525.0, 10275.0], [4425.0, 5550.0, 10050.0], [4425.0, 5550.0, 10300.0], [4425.0, 5575.0, 10050.0], [4425.0, 5575.0, 10300.0], [4425.0, 5600.0, 10050.0], [4425.0, 5600.0, 10300.0], [4425.0, 5625.0, 10075.0], [4425.0, 5625.0, 10275.0], [4425.0, 5650.0, 10100.0], [4425.0, 5650.0, 10250.0], [4425.0, 5675.0, 10125.0], [4425.0, 5675.0, 10150.0], [4425.0, 5675.0, 10175.0], [4425.0, 5675.0, 10200.0], [4425.0, 5675.0, 10225.0], [4450.0, 5475.0, 10100.0], [4450.0, 5450.0, 10125.0], [4450.0, 5450.0, 10150.0], [4450.0, 5450.0, 10175.0], [4450.0, 5450.0, 10200.0], [4450.0, 5450.0, 10225.0], [4450.0, 5475.0, 10250.0], [4450.0, 5500.0, 10075.0], [4450.0, 5500.0, 10275.0], [4450.0, 5525.0, 10050.0], [4450.0, 5525.0, 10300.0], [4450.0, 5550.0, 10050.0], [4450.0, 5550.0, 10325.0], [4450.0, 5575.0, 10050.0], [4450.0, 5575.0, 10325.0], [4450.0, 5600.0, 10075.0], [4450.0, 5600.0, 10325.0], [4450.0, 5625.0, 10100.0], [4450.0, 5625.0, 10300.0], [4450.0, 5650.0, 10125.0], [4450.0, 5650.0, 10275.0], [4450.0, 5675.0, 10150.0], [4450.0, 5675.0, 10175.0], [4450.0, 5675.0, 10200.0], [4450.0, 5675.0, 10225.0], [4450.0, 5675.0, 10250.0], [4475.0, 5475.0, 10125.0], [4475.0, 5450.0, 10150.0], [4475.0, 5450.0, 10175.0], [4475.0, 5450.0, 10200.0], [4475.0, 5450.0, 10225.0], [4475.0, 5475.0, 10250.0], [4475.0, 5500.0, 10100.0], [4475.0, 5500.0, 10275.0], [4475.0, 5525.0, 10075.0], [4475.0, 5525.0, 10100.0], [4475.0, 5500.0, 10300.0], [4475.0, 5525.0, 10325.0], [4475.0, 5550.0, 10075.0], [4475.0, 5550.0, 10325.0], [4475.0, 5575.0, 10075.0], [4475.0, 5575.0, 10100.0], [4475.0, 5575.0, 10350.0], [4475.0, 5600.0, 10100.0], [4475.0, 5600.0, 10350.0], [4475.0, 5625.0, 10125.0], [4475.0, 5625.0, 10325.0], [4475.0, 5650.0, 10150.0], [4475.0, 5650.0, 10300.0], [4475.0, 5650.0, 10175.0], [4475.0, 5675.0, 10200.0], [4475.0, 5675.0, 10225.0], [4475.0, 5675.0, 10250.0], [4475.0, 5675.0, 10275.0], [4500.0, 5475.0, 10150.0], [4500.0, 5475.0, 10175.0], [4500.0, 5450.0, 10200.0], [4500.0, 5475.0, 10225.0], [4500.0, 5500.0, 10125.0], [4500.0, 5475.0, 10250.0], [4500.0, 5500.0, 10275.0], [4500.0, 5525.0, 10100.0], [4500.0, 5500.0, 10300.0], [4500.0, 5525.0, 10325.0], [4500.0, 5550.0, 10100.0], [4500.0, 5550.0, 10325.0], [4500.0, 5575.0, 10100.0], [4500.0, 5575.0, 10350.0], [4500.0, 5600.0, 10125.0], [4500.0, 5600.0, 10375.0], [4500.0, 5625.0, 10150.0], [4500.0, 5625.0, 10350.0], [4500.0, 5650.0, 10175.0], [4500.0, 5650.0, 10200.0], [4500.0, 5650.0, 10325.0], [4500.0, 5675.0, 10225.0], [4500.0, 5675.0, 10250.0], [4500.0, 5675.0, 10275.0], [4500.0, 5675.0, 10300.0], [4525.0, 5475.0, 10200.0], [4525.0, 5500.0, 10150.0], [4525.0, 5500.0, 10175.0], [4525.0, 5500.0, 10200.0], [4525.0, 5475.0, 10225.0], [4525.0, 5500.0, 10250.0], [4525.0, 5525.0, 10125.0], [4525.0, 5525.0, 10150.0], [4525.0, 5500.0, 10275.0], [4525.0, 5500.0, 10300.0], [4525.0, 5525.0, 10325.0], [4525.0, 5550.0, 10125.0], [4525.0, 5550.0, 10150.0], [4525.0, 5550.0, 10350.0], [4525.0, 5575.0, 10125.0], [4525.0, 5575.0, 10150.0], [4525.0, 5575.0, 10375.0], [4525.0, 5600.0, 10150.0], [4525.0, 5600.0, 10375.0], [4525.0, 5625.0, 10175.0], [4525.0, 5625.0, 10375.0], [4525.0, 5625.0, 10200.0], [4525.0, 5650.0, 10225.0], [4500.0, 5650.0, 10350.0], [4525.0, 5650.0, 10375.0], [4525.0, 5675.0, 10250.0], [4525.0, 5675.0, 10275.0], [4525.0, 5675.0, 10300.0], [4525.0, 5675.0, 10325.0], [4525.0, 5675.0, 10350.0], [4550.0, 5500.0, 10225.0], [4550.0, 5525.0, 10175.0], [4550.0, 5525.0, 10200.0], [4550.0, 5500.0, 10250.0], [4550.0, 5500.0, 10275.0], [4550.0, 5525.0, 10300.0], [4550.0, 5550.0, 10175.0], [4550.0, 5525.0, 10325.0], [4550.0, 5550.0, 10350.0], [4550.0, 5575.0, 10175.0], [4550.0, 5575.0, 10375.0], [4550.0, 5600.0, 10175.0], [4550.0, 5600.0, 10200.0], [4550.0, 5600.0, 10375.0], [4550.0, 5625.0, 10225.0], [4550.0, 5625.0, 10375.0], [4550.0, 5650.0, 10250.0], [4550.0, 5650.0, 10375.0], [4550.0, 5675.0, 10275.0], [4550.0, 5675.0, 10300.0], [4550.0, 5675.0, 10325.0], [4550.0, 5675.0, 10350.0], [4575.0, 5525.0, 10225.0], [4575.0, 5525.0, 10250.0], [4575.0, 5525.0, 10275.0], [4575.0, 5550.0, 10200.0], [4575.0, 5550.0, 10225.0], [4575.0, 5550.0, 10250.0], [4575.0, 5550.0, 10275.0], [4575.0, 5550.0, 10300.0], [4575.0, 5550.0, 10325.0], [4575.0, 5575.0, 10200.0], [4575.0, 5575.0, 10225.0], [4575.0, 5575.0, 10250.0], [4575.0, 5575.0, 10350.0], [4575.0, 5600.0, 10225.0], [4575.0, 5600.0, 10250.0], [4575.0, 5600.0, 10375.0], [4575.0, 5625.0, 10250.0], [4575.0, 5625.0, 10275.0], [4575.0, 5625.0, 10375.0], [4575.0, 5650.0, 10275.0], [4575.0, 5650.0, 10300.0], [4575.0, 5650.0, 10350.0], [4575.0, 5650.0, 10325.0], [4600.0, 5575.0, 10275.0], [4600.0, 5575.0, 10300.0], [4600.0, 