{"914": {"centroid": [207.44986449864498, 229.11924119241192, 219.55013550135502], "vertices": [[5075.0, 5725.0, 5450.0], [5050.0, 5725.0, 5475.0], [5075.0, 5700.0, 5475.0], [5075.0, 5725.0, 5500.0], [5050.0, 5750.0, 5475.0], [5075.0, 5750.0, 5450.0], [5050.0, 5750.0, 5500.0], [5075.0, 5750.0, 5525.0], [5075.0, 5775.0, 5475.0], [5075.0, 5775.0, 5500.0], [5100.0, 5675.0, 5450.0], [5075.0, 5675.0, 5475.0], [5100.0, 5650.0, 5475.0], [5100.0, 5650.0, 5500.0], [5075.0, 5675.0, 5500.0], [5100.0, 5675.0, 5525.0], [5100.0, 5700.0, 5425.0], [5075.0, 5700.0, 5450.0], [5075.0, 5700.0, 5500.0], [5075.0, 5700.0, 5525.0], [5100.0, 5700.0, 5550.0], [5100.0, 5725.0, 5400.0], [5075.0, 5725.0, 5425.0], [5075.0, 5725.0, 5525.0], [5100.0, 5725.0, 5550.0], [5075.0, 5750.0, 5425.0], [5100.0, 5750.0, 5400.0], [5100.0, 5750.0, 5550.0], [5100.0, 5775.0, 5425.0], [5075.0, 5775.0, 5450.0], [5075.0, 5775.0, 5525.0], [5100.0, 5775.0, 5550.0], [5075.0, 5800.0, 5450.0], [5100.0, 5800.0, 5425.0], [5075.0, 5800.0, 5475.0], [5075.0, 5800.0, 5500.0], [5100.0, 5800.0, 5525.0], [5100.0, 5825.0, 5450.0], [5100.0, 5825.0, 5475.0], [5100.0, 5825.0, 5500.0], [5125.0, 5650.0, 5425.0], [5100.0, 5650.0, 5450.0], [5125.0, 5625.0, 5450.0], [5125.0, 5625.0, 5475.0], [5125.0, 5625.0, 5500.0], [5125.0, 5625.0, 5525.0], [5100.0, 5650.0, 5525.0], [5125.0, 5650.0, 5550.0], [5125.0, 5675.0, 5400.0], [5100.0, 5675.0, 5425.0], [5100.0, 5675.0, 5550.0], [5125.0, 5675.0, 5575.0], [5125.0, 5700.0, 5400.0], [5125.0, 5700.0, 5575.0], [5125.0, 5725.0, 5400.0], [5125.0, 5725.0, 5575.0], [5125.0, 5750.0, 5400.0], [5125.0, 5750.0, 5575.0], [5125.0, 5775.0, 5400.0], [5125.0, 5775.0, 5575.0], [5125.0, 5800.0, 5400.0], [5125.0, 5800.0, 5550.0], [5125.0, 5825.0, 5425.0], [5125.0, 5825.0, 5525.0], [5125.0, 5850.0, 5450.0], [5125.0, 5850.0, 5475.0], [5125.0, 5850.0, 5500.0], [5150.0, 5625.0, 5450.0], [5150.0, 5600.0, 5475.0], [5150.0, 5600.0, 5500.0], [5150.0, 5600.0, 5525.0], [5150.0, 5625.0, 5550.0], [5150.0, 5650.0, 5425.0], [5150.0, 5650.0, 5575.0], [5150.0, 5675.0, 5400.0], [5150.0, 5675.0, 5600.0], [5150.0, 5700.0, 5400.0], [5150.0, 5700.0, 5600.0], [5150.0, 5725.0, 5375.0], [5150.0, 5725.0, 5600.0], [5150.0, 5750.0, 5375.0], [5150.0, 5750.0, 5575.0], [5150.0, 5775.0, 5400.0], [5150.0, 5775.0, 5575.0], [5150.0, 5800.0, 5400.0], [5150.0, 5800.0, 5575.0], [5150.0, 5825.0, 5400.0], [5150.0, 5825.0, 5550.0], [5150.0, 5850.0, 5425.0], [5150.0, 5850.0, 5450.0], [5150.0, 5850.0, 5500.0], [5150.0, 5850.0, 5525.0], [5150.0, 5875.0, 5475.0], [5175.0, 5625.0, 5425.0], [5175.0, 5600.0, 5450.0], [5175.0, 5600.0, 5475.0], [5175.0, 5600.0, 5500.0], [5175.0, 5600.0, 5525.0], [5175.0, 5600.0, 5550.0], [5175.0, 5625.0, 5575.0], [5175.0, 5650.0, 5400.0], [5175.0, 5650.0, 5600.0], [5175.0, 5675.0, 5400.0], [5175.0, 5675.0, 5600.0], [5175.0, 5700.0, 5375.0], [5175.0, 5700.0, 5600.0], [5175.0, 5725.0, 5375.0], [5175.0, 5725.0, 5600.0], [5175.0, 5750.0, 5375.0], [5175.0, 5750.0, 5600.0], [5175.0, 5775.0, 5375.0], [5175.0, 5775.0, 5575.0], [5175.0, 5800.0, 5400.0], [5175.0, 5800.0, 5575.0], [5175.0, 5825.0, 5400.0], [5175.0, 5825.0, 5550.0], [5175.0, 5850.0, 5425.0], [5175.0, 5850.0, 5525.0], [5175.0, 5875.0, 5450.0], [5175.0, 5875.0, 5475.0], [5175.0, 5875.0, 5500.0], [5200.0, 5625.0, 5425.0], [5200.0, 5600.0, 5450.0], [5200.0, 5600.0, 5475.0], [5200.0, 5600.0, 5500.0], [5200.0, 5600.0, 5525.0], [5200.0, 5600.0, 5550.0], [5200.0, 5625.0, 5575.0], [5200.0, 5650.0, 5400.0], [5200.0, 5650.0, 5600.0], [5200.0, 5675.0, 5400.0], [5200.0, 5675.0, 5600.0], [5200.0, 5700.0, 5375.0], [5200.0, 5700.0, 5600.0], [5200.0, 5725.0, 5375.0], [5200.0, 5725.0, 5600.0], [5200.0, 5750.0, 5375.0], [5200.0, 5750.0, 5600.0], [5200.0, 5775.0, 5375.0], [5200.0, 5775.0, 5575.0], [5200.0, 5800.0, 5400.0], [5200.0, 5800.0, 5575.0], [5200.0, 5825.0, 5400.0], [5200.0, 5825.0, 5550.0], [5200.0, 5850.0, 5425.0], [5200.0, 5850.0, 5525.0], [5200.0, 5875.0, 5450.0], [5200.0, 5875.0, 5475.0], [5200.0, 5875.0, 5500.0], [5225.0, 5625.0, 5450.0], [5225.0, 5600.0, 5475.0], [5225.0, 5600.0, 5500.0], [5225.0, 5600.0, 5525.0], [5225.0, 5600.0, 5550.0], [5225.0, 5625.0, 5575.0], [5225.0, 5650.0, 5425.0], [5225.0, 5650.0, 5600.0], [5225.0, 5675.0, 5400.0], [5225.0, 5675.0, 5600.0], [5225.0, 5700.0, 5400.0], [5225.0, 5700.0, 5600.0], [5225.0, 5725.0, 5375.0], [5225.0, 5725.0, 5600.0], [5225.0, 5750.0, 5375.0], [5225.0, 5750.0, 5575.0], [5225.0, 5775.0, 5400.0], [5225.0, 5775.0, 5575.0], [5225.0, 5800.0, 5400.0], [5225.0, 5800.0, 5550.0], [5225.0, 5825.0, 5425.0], [5225.0, 5825.0, 5525.0], [5225.0, 5850.0, 5450.0], [5225.0, 5850.0, 5500.0], [5225.0, 5850.0, 5475.0], [5250.0, 5625.0, 5475.0], [5250.0, 5600.0, 5500.0], [5250.0, 5600.0, 5525.0], [5250.0, 5600.0, 5550.0], [5250.0, 5625.0, 5575.0], [5250.0, 5650.0, 5425.0], [5250.0, 5625.0, 5450.0], [5250.0, 5650.0, 5575.0], [5250.0, 5675.0, 5400.0], [5250.0, 5675.0, 5600.0], [5250.0, 5700.0, 5400.0], [5250.0, 5700.0, 5600.0], [5250.0, 5725.0, 5400.0], [5250.0, 5725.0, 5575.0], [5250.0, 5750.0, 5400.0], [5250.0, 5750.0, 5575.0], [5250.0, 5775.0, 5400.0], [5250.0, 5775.0, 5550.0], [5250.0, 5800.0, 5400.0], [5250.0, 5800.0, 5525.0], [5250.0, 5825.0, 5425.0], [5250.0, 5825.0, 5450.0], [5250.0, 5825.0, 5500.0], [5250.0, 5850.0, 5475.0], [5275.0, 5625.0, 5500.0], [5275.0, 5625.0, 5525.0], [5275.0, 5625.0, 5550.0], [5275.0, 5650.0, 5450.0], [5275.0, 5650.0, 5475.0], [5275.0, 5650.0, 5500.0], [5275.0, 5650.0, 5525.0], [5275.0, 5650.0, 5550.0], [5275.0, 5675.0, 5425.0], [5275.0, 5675.0, 5450.0], [5275.0, 5675.0, 5575.0], [5275.0, 5700.0, 5425.0], [5275.0, 5700.0, 5575.0], [5275.0, 5725.0, 5425.0], [5275.0, 5725.0, 5550.0], [5275.0, 5750.0, 5425.0], [5275.0, 5750.0, 5550.0], [5275.0, 5775.0, 5425.0], [5275.0, 5775.0, 5525.0], [5275.0, 5800.0, 5425.0], [5275.0, 5800.0, 5450.0], [5275.0, 5800.0, 5500.0], [5275.0, 5825.0, 5475.0], [5300.0, 5675.0, 5475.0], [5300.0, 5675.0, 5500.0], [5300.0, 5675.0, 5525.0], [5300.0, 5675.0, 5550.0], [5300.0, 5700.0, 5450.0], [5300.0, 5700.0, 5475.0], [5300.0, 5700.0, 5500.0], [5300.0, 5700.0, 5525.0], [5300.0, 5700.0, 5550.0], [5300.0, 5725.0, 5450.0], [5300.0, 5725.0, 5475.0], [5300.0, 5725.0, 5500.0], [5300.0, 5725.0, 5525.0], [5300.0, 5750.0, 5450.0], [5300.0, 5750.0, 5475.0], [5300.0, 5750.0, 5500.0], [5300.0, 5750.0, 5525.0], [5300.0, 5775.0, 5450.0], [5300.0, 5775.0, 5475.0], [5300.0, 5775.0, 5500.0], [5300.0, 5800.0, 5475.0]],